Variable,tas
Experiment,rcp85
Zone,Q18
Code,CCCma-CanESM2_r1i1p1_SMHI-RCA4_v1
1951-01-01,12.045532106735587
1951-02-01,14.198641425065976
1951-03-01,14.67551417035405
1951-04-01,16.738401683348528
1951-05-01,20.01594798706543
1951-06-01,21.400980812527063
1951-07-01,23.321150495560325
1951-08-01,20.610308134204192
1951-09-01,21.30061155083254
1951-10-01,20.02081175115179
1951-11-01,16.279037529110795
1951-12-01,15.218116424422886
1952-01-01,14.635833477538224
1952-02-01,13.43806859059764
1952-03-01,14.924806506830016
1952-04-01,15.602548031126398
1952-05-01,16.379283733736095
1952-06-01,21.300382589739446
1952-07-01,25.51828316129032
1952-08-01,22.359021628472913
1952-09-01,22.289134282432116
1952-10-01,20.373829839836908
1952-11-01,17.29520657625881
1952-12-01,14.398785890597049
1953-01-01,11.943293165392351
1953-02-01,12.422444300957125
1953-03-01,15.14021843963402
1953-04-01,15.218219734621215
1953-05-01,16.533127831784117
1953-06-01,19.73121631415533
1953-07-01,21.158449926465654
1953-08-01,23.866509547330427
1953-09-01,21.220442017086448
1953-10-01,20.86984524967206
1953-11-01,16.040108970529012
1953-12-01,14.013009366828392
1954-01-01,12.388924792546593
1954-02-01,11.542612465209531
1954-03-01,15.082298150130194
1954-04-01,17.856858040270033
1954-05-01,17.27145038158205
1954-06-01,19.995887372547127
1954-07-01,22.268797962063477
1954-08-01,23.189848901107528
1954-09-01,22.31455173166636
1954-10-01,20.310868741239194
1954-11-01,15.503272352332171
1954-12-01,13.849196938750454
1955-01-01,15.201856103721921
1955-02-01,14.638730115313182
1955-03-01,15.096180806231716
1955-04-01,15.218052287320006
1955-05-01,18.16978497357637
1955-06-01,21.279407162289946
1955-07-01,21.820781986160785
1955-08-01,22.28621872686548
1955-09-01,23.400990788254276
1955-10-01,20.597531871585563
1955-11-01,16.378333255920168
1955-12-01,14.021613836477117
1956-01-01,12.419776127557133
1956-02-01,14.623605494971489
1956-03-01,15.016659667818454
1956-04-01,15.570831858253912
1956-05-01,17.61343831557087
1956-06-01,20.287908273275868
1956-07-01,22.301133162984144
1956-08-01,22.159037516866913
1956-09-01,20.620246694896395
1956-10-01,18.84141490030242
1956-11-01,15.1401250651955
1956-12-01,12.369841664039964
1957-01-01,10.255387506451608
1957-02-01,14.482465869324296
1957-03-01,13.957620731034252
1957-04-01,16.825787616703064
1957-05-01,17.030780826853718
1957-06-01,19.25292728965158
1957-07-01,21.271096790536408
1957-08-01,22.606462390656077
1957-09-01,22.37424038745585
1957-10-01,19.700878319404254
1957-11-01,16.784964752495995
1957-12-01,15.228956922627113
1958-01-01,12.627521344228075
1958-02-01,15.17433822039056
1958-03-01,16.434378142733088
1958-04-01,17.769812528289602
1958-05-01,18.373205241339416
1958-06-01,20.226658087169476
1958-07-01,23.779768145888774
1958-08-01,23.347638867688463
1958-09-01,21.868070462878297
1958-10-01,20.556388379560076
1958-11-01,16.519495702206797
1958-12-01,11.72470054035323
1959-01-01,11.186534980033315
1959-02-01,12.528942969932451
1959-03-01,14.960198254087485
1959-04-01,16.54033731420392
1959-05-01,17.203507964420233
1959-06-01,20.21465876475687
1959-07-01,21.42518480479974
1959-08-01,24.558977960749342
1959-09-01,21.26388911883066
1959-10-01,20.480673185230806
1959-11-01,15.826508596643096
1959-12-01,14.070683669153613
1960-01-01,11.321238391143595
1960-02-01,13.979081907873752
1960-03-01,15.193173976023846
1960-04-01,15.754480763331689
1960-05-01,18.29778105290529
1960-06-01,21.68884460246769
1960-07-01,22.29749635629263
1960-08-01,23.490428616831203
1960-09-01,20.39939380719181
1960-10-01,20.36976892118343
1960-11-01,15.339252523929803
1960-12-01,13.454988725002272
1961-01-01,11.596505020748102
1961-02-01,11.260416075107171
1961-03-01,14.63491006721106
1961-04-01,17.978889520398823
1961-05-01,17.602525570850776
1961-06-01,17.666253622548695
1961-07-01,19.84442594053276
1961-08-01,21.06388361861752
1961-09-01,23.28669786438267
1961-10-01,21.846327767374003
1961-11-01,16.483150400636937
1961-12-01,13.610692726145665
1962-01-01,12.450470296828577
1962-02-01,14.057709121794542
1962-03-01,15.357914871397332
1962-04-01,16.456785637164778
1962-05-01,16.233603795309435
1962-06-01,18.79254787400716
1962-07-01,22.371246149676608
1962-08-01,22.272368756883772
1962-09-01,20.4060835899249
1962-10-01,18.974954699202407
1962-11-01,16.31907615439538
1962-12-01,13.596919823864551
1963-01-01,11.216716055632457
1963-02-01,12.604530643251145
1963-03-01,14.252898167287537
1963-04-01,15.845813185265065
1963-05-01,18.75159016346055
1963-06-01,20.95119427906879
1963-07-01,21.94753323049419
1963-08-01,22.16396271180405
1963-09-01,20.97101408246442
1963-10-01,19.582117911383246
1963-11-01,16.81555241101843
1963-12-01,12.07944694415922
1964-01-01,11.030499483935175
1964-02-01,12.702561253285555
1964-03-01,14.704313920350673
1964-04-01,15.453226081538483
1964-05-01,17.037583167130517
1964-06-01,19.937079440923586
1964-07-01,21.796447710588623
1964-08-01,22.264068386098888
1964-09-01,23.005655291066347
1964-10-01,20.155435881007094
1964-11-01,16.937386811385828
1964-12-01,15.258458148109042
1965-01-01,13.520374847325805
1965-02-01,15.180812671030143
1965-03-01,14.778809911361105
1965-04-01,14.809441343869832
1965-05-01,16.53754864858685
1965-06-01,19.73214170388913
1965-07-01,22.09953062018288
1965-08-01,21.70502551758378
1965-09-01,24.62105722225859
1965-10-01,20.172963587958005
1965-11-01,17.041722849006423
1965-12-01,13.61292651015272
1966-01-01,13.8969267686998
1966-02-01,15.099943646610487
1966-03-01,15.361132583803542
1966-04-01,16.373248506306155
1966-05-01,19.852705055751755
1966-06-01,20.149251218299906
1966-07-01,23.226578907906905
1966-08-01,24.529952189973717
1966-09-01,20.339202887352467
1966-10-01,20.15208785034521
1966-11-01,16.349123035253925
1966-12-01,13.956285883030597
1967-01-01,13.821319547672182
1967-02-01,13.909253939001797
1967-03-01,14.700164593538231
1967-04-01,15.033769105056724
1967-05-01,16.286401048813154
1967-06-01,19.28785573012178
1967-07-01,20.09834009310759
1967-08-01,21.62458680138059
1967-09-01,20.691209993365973
1967-10-01,17.306271456359518
1967-11-01,15.57712411197106
1967-12-01,12.38309565519125
1968-01-01,9.391845506451608
1968-02-01,14.100130832713484
1968-03-01,15.280151634222111
1968-04-01,16.2862055949113
1968-05-01,16.105791375452146
1968-06-01,20.019485336384008
1968-07-01,23.053981975257614
1968-08-01,22.15736135230196
1968-09-01,22.972813577788216
1968-10-01,19.673330882960023
1968-11-01,16.604249296511682
1968-12-01,15.695018893364539
1969-01-01,14.625360576100567
1969-02-01,11.282679210459126
1969-03-01,13.838167848976347
1969-04-01,16.25222356481028
1969-05-01,16.048596387870447
1969-06-01,19.541905479319706
1969-07-01,22.98473299979429
1969-08-01,21.775914233611203
1969-09-01,19.64480084097999
1969-10-01,16.830242553116392
1969-11-01,15.104940915004418
1969-12-01,13.926968236839915
1970-01-01,15.042583631834862
1970-02-01,12.725375953676675
1970-03-01,14.669146937972315
1970-04-01,16.091672692580893
1970-05-01,17.360929173110563
1970-06-01,19.591475189798018
1970-07-01,21.92542754544585
1970-08-01,20.926663507656755
1970-09-01,21.449405234258226
1970-10-01,18.5482067082976
1970-11-01,15.259939816587025
1970-12-01,12.148988330383034
1971-01-01,13.53735386429591
1971-02-01,11.609302445228671
1971-03-01,16.37994105102172
1971-04-01,15.34266716135526
1971-05-01,17.13817617468085
1971-06-01,19.584819211751256
1971-07-01,21.45650471849545
1971-08-01,21.412276948318095
1971-09-01,21.475432635831893
1971-10-01,17.464732634361827
1971-11-01,16.129467841627584
1971-12-01,12.840704671863856
1972-01-01,10.521919832694449
1972-02-01,12.859016776355201
1972-03-01,15.381686365633769
1972-04-01,15.567180403663317
1972-05-01,16.664066603094625
1972-06-01,18.630905483874898
1972-07-01,21.038185865740015
1972-08-01,24.54909416129032
1972-09-01,20.011491425207375
1972-10-01,19.583313301147804
1972-11-01,15.730119936648462
1972-12-01,14.64237089025959
1973-01-01,13.628689553024428
1973-02-01,11.946097380716974
1973-03-01,15.783518668846932
1973-04-01,17.288388356098675
1973-05-01,17.812303802937976
1973-06-01,20.60100545386956
1973-07-01,23.328971244615577
1973-08-01,21.402668932084673
1973-09-01,20.909152277517993
1973-10-01,18.37425012496274
1973-11-01,15.339119977185483
1973-12-01,15.300842548193165
1974-01-01,14.477365371296907
1974-02-01,12.778620668460924
1974-03-01,15.253046139247449
1974-04-01,15.474383373417604
1974-05-01,17.267057308484972
1974-06-01,20.242287979716323
1974-07-01,20.990384918660716
1974-08-01,22.7309064319349
1974-09-01,23.47115564814564
1974-10-01,19.84069001404736
1974-11-01,13.702317705958164
1974-12-01,11.837835234357028
1975-01-01,10.409713314045268
1975-02-01,12.957634617986615
1975-03-01,15.37182453675975
1975-04-01,16.35421383578355
1975-05-01,18.76892475140393
1975-06-01,20.58406088266642
1975-07-01,20.590831256547585
1975-08-01,22.841523534618734
1975-09-01,22.535411034606316
1975-10-01,19.61738773374162
1975-11-01,16.540637689436142
1975-12-01,14.84303567423033
1976-01-01,11.99383096384351
1976-02-01,12.842997861741953
1976-03-01,15.506823858975556
1976-04-01,15.493430617568107
1976-05-01,17.67122219203894
1976-06-01,18.84495735969619
1976-07-01,21.280458950197882
1976-08-01,22.692176953716974
1976-09-01,21.40864253320324
1976-10-01,20.35278023258376
1976-11-01,16.04022769644006
1976-12-01,14.192581638246867
1977-01-01,11.317303819695939
1977-02-01,14.674329208895276
1977-03-01,15.371337667348056
1977-04-01,16.683456138165692
1977-05-01,19.669173461685578
1977-06-01,22.694626203576195
1977-07-01,23.159208466818797
1977-08-01,23.18410232007098
1977-09-01,24.32503046488374
1977-10-01,20.576884502141404
1977-11-01,16.86101535507095
1977-12-01,14.959465231027133
1978-01-01,14.575503544107363
1978-02-01,12.780314391082577
1978-03-01,14.42669372106429
1978-04-01,16.9619153398827
1978-05-01,20.213748105115307
1978-06-01,20.734705328236565
1978-07-01,23.40636176325802
1978-08-01,23.405078773313384
1978-09-01,21.319753385598712
1978-10-01,21.135538697161575
1978-11-01,16.870187783580583
1978-12-01,13.262647744577297
1979-01-01,12.378179435320593
1979-02-01,12.864324279076449
1979-03-01,14.934190958309959
1979-04-01,16.772329078816302
1979-05-01,18.25545213118976
1979-06-01,18.954209825340453
1979-07-01,21.650180702659313
1979-08-01,23.505539519197118
1979-09-01,22.485776634992884
1979-10-01,20.047245822220475
1979-11-01,15.647213617391998
1979-12-01,14.956941244159154
1980-01-01,12.81579482105725
1980-02-01,13.887231694481066
1980-03-01,16.20462017092276
1980-04-01,16.422520892162087
1980-05-01,17.23320952947253
1980-06-01,20.32449440805114
1980-07-01,21.174629629770923
1980-08-01,23.785314277060255
1980-09-01,23.402959121194236
1980-10-01,20.766236468135656
1980-11-01,16.738338675287366
1980-12-01,14.841686926796813
1981-01-01,12.008856213320783
1981-02-01,13.337696410004096
1981-03-01,14.75752536063946
1981-04-01,16.74334620442515
1981-05-01,18.150532869987067
1981-06-01,21.354584385990478
1981-07-01,22.33246878219489
1981-08-01,24.294181112461388
1981-09-01,24.16005116129032
1981-10-01,19.932384145403013
1981-11-01,15.4337186152679
1981-12-01,14.74588460850578
1982-01-01,14.866449955597961
1982-02-01,15.43342048207872
1982-03-01,14.355511798375106
1982-04-01,15.871750805712823
1982-05-01,18.719738366263204
1982-06-01,20.144520657130688
1982-07-01,22.707273065395864
1982-08-01,23.242939498239686
1982-09-01,22.61695011621951
1982-10-01,19.893632325105436
1982-11-01,17.359538030696736
1982-12-01,14.068245506173884
1983-01-01,12.72068573748309
1983-02-01,15.52574961129662
1983-03-01,15.899086796201365
1983-04-01,19.105483171355647
1983-05-01,19.113059504795494
1983-06-01,20.851351792172935
1983-07-01,22.52250932841983
1983-08-01,22.799065294711063
1983-09-01,22.81244147547615
1983-10-01,22.665908969648875
1983-11-01,17.50135596373804
1983-12-01,12.740116582193732
1984-01-01,10.247650506451608
1984-02-01,15.170850395428554
1984-03-01,14.252970072051705
1984-04-01,15.821558324880417
1984-05-01,17.615199901823214
1984-06-01,19.93091425496256
1984-07-01,20.446908468177075
1984-08-01,21.499564400055554
1984-09-01,20.172434412547716
1984-10-01,19.944367122371776
1984-11-01,16.022555144042283
1984-12-01,14.372955354820347
1985-01-01,11.343986552315613
1985-02-01,12.91132158385468
1985-03-01,16.78907577084575
1985-04-01,17.344156215672825
1985-05-01,16.67616617606476
1985-06-01,18.38107673710644
1985-07-01,21.643096385864155
1985-08-01,22.36176161864585
1985-09-01,20.883461894062762
1985-10-01,19.96152206723516
1985-11-01,15.758412691412564
1985-12-01,14.200632332254425
1986-01-01,15.671739587828377
1986-02-01,12.563512323564689
1986-03-01,15.666593479287714
1986-04-01,16.229682392748334
1986-05-01,16.812322712575845
1986-06-01,19.179216067438023
1986-07-01,20.474897040235483
1986-08-01,22.9970519602254
1986-09-01,20.46022664283758
1986-10-01,19.008045836521866
1986-11-01,18.775476722535895
1986-12-01,14.177874331965729
1987-01-01,11.58652258670565
1987-02-01,12.734716317325722
1987-03-01,15.214884796558657
1987-04-01,15.749698028980049
1987-05-01,17.233164270859294
1987-06-01,19.973093543494173
1987-07-01,22.87658932784867
1987-08-01,23.601568185981314
1987-09-01,21.722378826574825
1987-10-01,20.475308089324916
1987-11-01,15.803487289271493
1987-12-01,12.767746757130412
1988-01-01,13.854075318038767
1988-02-01,12.21673587505284
1988-03-01,15.535708291451225
1988-04-01,16.936429924155235
1988-05-01,19.16949089776967
1988-06-01,20.773769178340473
1988-07-01,22.619863516192954
1988-08-01,23.55906316263835
1988-09-01,21.607359518098455
1988-10-01,20.076148842817158
1988-11-01,16.121050497611048
1988-12-01,12.7554853006768
1989-01-01,11.87437946936859
1989-02-01,15.023329519535421
1989-03-01,15.33331248523506
1989-04-01,16.258980450244422
1989-05-01,17.93911030763218
1989-06-01,20.989699983989006
1989-07-01,22.403139187073066
1989-08-01,22.21635438445348
1989-09-01,22.18871565430137
1989-10-01,20.592162057140943
1989-11-01,16.25006516750728
1989-12-01,14.15234938807719
1990-01-01,12.032037529110783
1990-02-01,14.61799949318298
1990-03-01,15.593049626166236
1990-04-01,15.884323937994978
1990-05-01,18.398878072340143
1990-06-01,22.210691712064886
1990-07-01,21.372397084008544
1990-08-01,22.47922072035872
1990-09-01,23.402741545462355
1990-10-01,19.33180877322778
1990-11-01,16.65151176280366
1990-12-01,12.560187738750104
1991-01-01,11.601234613914391
1991-02-01,11.732305590332508
1991-03-01,14.792743475294003
1991-04-01,17.990882758201117
1991-05-01,19.164825868211597
1991-06-01,22.856157481475307
1991-07-01,23.907220617339007
1991-08-01,22.822244429133054
1991-09-01,23.608368121481348
1991-10-01,21.293114970252557
1991-11-01,17.349291359245655
1991-12-01,14.298129476025572
1992-01-01,12.875315254430317
1992-02-01,16.786082497150993
1992-03-01,15.914970459427998
1992-04-01,17.047651760293295
1992-05-01,18.526803895321407
1992-06-01,20.399109230241653
1992-07-01,21.781601033646854
1992-08-01,23.514426650545293
1992-09-01,21.056846175133533
1992-10-01,19.389859426994573
1992-11-01,16.289813722641263
1992-12-01,13.422878455286046
1993-01-01,14.485578503993949
1993-02-01,11.348658578166448
1993-03-01,15.15425202261048
1993-04-01,16.042887567216894
1993-05-01,20.53745477416838
1993-06-01,20.290808900804226
1993-07-01,23.13114891447864
1993-08-01,24.091798133574382
1993-09-01,23.391739533514308
1993-10-01,18.234528643591833
1993-11-01,15.954959051723646
1993-12-01,13.029192727136115
1994-01-01,10.963973506451609
1994-02-01,14.721529938193992
1994-03-01,15.974169237757613
1994-04-01,20.263234000598914
1994-05-01,18.556268280915013
1994-06-01,21.187129971166883
1994-07-01,22.32289933210605
1994-08-01,21.5602365781494
1994-09-01,22.91861829224696
1994-10-01,21.080676452242418
1994-11-01,16.770857333449634
1994-12-01,14.948041424925187
1995-01-01,12.358817763789629
1995-02-01,14.06012188520855
1995-03-01,17.12580213816553
1995-04-01,15.93489754217512
1995-05-01,18.483781936972246
1995-06-01,20.747189953226027
1995-07-01,22.970341413805986
1995-08-01,22.065395588221776
1995-09-01,20.968748890245802
1995-10-01,18.348192861406503
1995-11-01,16.603435955521512
1995-12-01,13.529437786530794
1996-01-01,14.345476543080858
1996-02-01,13.602358733758113
1996-03-01,15.109736298894713
1996-04-01,15.581903344032513
1996-05-01,17.42429268796727
1996-06-01,21.572422085442938
1996-07-01,22.046471387519638
1996-08-01,21.751867932323083
1996-09-01,23.791160304789873
1996-10-01,21.293282647101368
1996-11-01,19.122892866739885
1996-12-01,13.606623762347652
1997-01-01,15.299626200934268
1997-02-01,12.617062413076512
1997-03-01,15.775156390404458
1997-04-01,16.21324822102145
1997-05-01,19.22944543720715
1997-06-01,20.764001504465178
1997-07-01,22.218992050860127
1997-08-01,23.830310305232498
1997-09-01,22.79274977413788
1997-10-01,19.606025219992894
1997-11-01,17.124839447426837
1997-12-01,13.820707930522287
1998-01-01,14.469102973804624
1998-02-01,14.48274961724113
1998-03-01,15.593690485353005
1998-04-01,18.48018363721146
1998-05-01,19.9898054272849
1998-06-01,20.33244032408592
1998-07-01,22.352025323744314
1998-08-01,24.25637072002334
1998-09-01,23.135141184150594
1998-10-01,22.738906174365418
1998-11-01,18.810002729741168
1998-12-01,14.211476134571242
1999-01-01,12.951099420850003
1999-02-01,12.335020773926692
1999-03-01,16.47099600305333
1999-04-01,16.579263198377852
1999-05-01,18.2236374790338
1999-06-01,22.24680047122369
1999-07-01,23.961404952973965
1999-08-01,23.608103019081426
1999-09-01,22.119925018029363
1999-10-01,19.53629942301891
1999-11-01,16.509067218838446
1999-12-01,15.836850224778413
2000-01-01,13.35693376727329
2000-02-01,15.637019219825211
2000-03-01,16.470954227845958
2000-04-01,17.304101305346407
2000-05-01,17.70949373658457
2000-06-01,22.094077453215313
2000-07-01,22.499021431400806
2000-08-01,22.14347116509104
2000-09-01,22.992591111674898
2000-10-01,18.740056684584594
2000-11-01,15.97126976882905
2000-12-01,13.376942291627522
2001-01-01,14.508851357549137
2001-02-01,15.348318872002885
2001-03-01,15.005248777832367
2001-04-01,17.808410460491903
2001-05-01,17.718383370263787
2001-06-01,21.549851858896577
2001-07-01,23.59721102015682
2001-08-01,22.88944258253493
2001-09-01,24.0710275696699
2001-10-01,22.7855552398991
2001-11-01,17.720247096398687
2001-12-01,15.202886916994826
2002-01-01,12.32931216706855
2002-02-01,13.712995560181927
2002-03-01,15.285733764197703
2002-04-01,17.031840565634887
2002-05-01,19.439036238425512
2002-06-01,20.81840598234048
2002-07-01,22.810829869655272
2002-08-01,24.565428043113982
2002-09-01,20.857151386976867
2002-10-01,18.464016749058604
2002-11-01,17.152789641947862
2002-12-01,15.040441169686439
2003-01-01,11.963820744917623
2003-02-01,14.705197865765305
2003-03-01,15.181661852844712
2003-04-01,17.139311346624048
2003-05-01,18.769618581035562
2003-06-01,21.76099913919233
2003-07-01,24.013808771973366
2003-08-01,22.42665913616126
2003-09-01,22.367645762189014
2003-10-01,21.333405929836104
2003-11-01,17.292319198416507
2003-12-01,15.828849248347217
2004-01-01,13.81364390956421
2004-02-01,13.39772543292335
2004-03-01,15.630339136300476
2004-04-01,17.94337141484301
2004-05-01,18.42996375345831
2004-06-01,20.937297379081738
2004-07-01,22.354415793361905
2004-08-01,22.395032117037303
2004-09-01,23.089688867808167
2004-10-01,21.239037746860483
2004-11-01,17.297078176796372
2004-12-01,11.950247864297896
2005-01-01,12.558127285093335
2005-02-01,14.203876507283889
2005-03-01,14.709322345756219
2005-04-01,15.813834307946129
2005-05-01,18.9826755659139
2005-06-01,20.42370151702857
2005-07-01,23.347359856975462
2005-08-01,23.194521420267566
2005-09-01,23.700621220885548
2005-10-01,22.00780688727663
2005-11-01,17.35018633579333
2005-12-01,15.49824588761335
2006-01-01,13.398617956339532
2006-02-01,16.762959642009758
2006-03-01,16.194972861632955
2006-04-01,16.08801070941506
2006-05-01,17.983901960996953
2006-06-01,20.577235637100912
2006-07-01,22.096301677958
2006-08-01,24.68401316129032
2006-09-01,23.15580151821257
2006-10-01,19.670109252131226
2006-11-01,16.5899095562935
2006-12-01,14.641031227861099
2007-01-01,12.216905627874372
2007-02-01,12.20385712956597
2007-03-01,16.590039648371192
2007-04-01,16.151458553237656
2007-05-01,16.56609960225562
2007-06-01,21.77184264407826
2007-07-01,21.498377206028824
2007-08-01,22.598914834443846
2007-09-01,23.690728103961252
2007-10-01,19.625976039706977
2007-11-01,16.147030831682372
2007-12-01,13.859562075918832
2008-01-01,11.427024506451609
2008-02-01,12.627535540140036
2008-03-01,15.260248076450054
2008-04-01,17.227158722349458
2008-05-01,17.62958053211015
2008-06-01,21.995190031302926
2008-07-01,23.217759813208914
2008-08-01,24.469193716043733
2008-09-01,22.271410746603433
2008-10-01,20.866743678856608
2008-11-01,17.358533205562946
2008-12-01,13.965917695748802
2009-01-01,13.917750187333215
2009-02-01,16.201497131839407
2009-03-01,15.928632603750406
2009-04-01,17.408272510922078
2009-05-01,17.295560798352977
2009-06-01,19.695960261377618
2009-07-01,23.01326908791488
2009-08-01,23.78436146143571
2009-09-01,23.891910467669344
2009-10-01,20.98884628617373
2009-11-01,16.717764263136594
2009-12-01,15.571498287597827
2010-01-01,11.96375722845848
2010-02-01,15.282301359406405
2010-03-01,15.42838337554007
2010-04-01,16.89133693342103
2010-05-01,18.111315264138877
2010-06-01,20.989561783100836
2010-07-01,22.88454354518647
2010-08-01,22.99310171101482
2010-09-01,23.718311140696983
2010-10-01,21.232695713753742
2010-11-01,17.476738405415414
2010-12-01,12.244752779832229
2011-01-01,14.654721205756575
2011-02-01,14.972477073355181
2011-03-01,16.132510366707912
2011-04-01,16.661096700825063
2011-05-01,18.650625848250726
2011-06-01,20.528012858392287
2011-07-01,21.58243658888871
2011-08-01,22.24850409510688
2011-09-01,24.663361685236477
2011-10-01,21.025708135245157
2011-11-01,17.44045271286639
2011-12-01,15.287011865532726
2012-01-01,12.358954655862654
2012-02-01,14.168317490695355
2012-03-01,16.245414000948976
2012-04-01,16.291391865015452
2012-05-01,19.145173852685236
2012-06-01,21.50806886852656
2012-07-01,23.14140630086443
2012-08-01,23.10594496581338
2012-09-01,23.71268182488511
2012-10-01,21.02809747019171
2012-11-01,17.430000231334244
2012-12-01,15.104010159409526
2013-01-01,12.529888540579755
2013-02-01,13.496461755275208
2013-03-01,16.473595539373015
2013-04-01,19.20533002731384
2013-05-01,19.822833862769397
2013-06-01,20.788030297115377
2013-07-01,22.238660537894702
2013-08-01,21.553477666377947
2013-09-01,21.39103213549567
2013-10-01,18.83603735790551
2013-11-01,16.37167145932228
2013-12-01,12.994550482632599
2014-01-01,13.780492765105814
2014-02-01,13.752424692061933
2014-03-01,16.023586786271633
2014-04-01,16.45479427200458
2014-05-01,18.333140262222543
2014-06-01,18.71531631460671
2014-07-01,21.649398544073986
2014-08-01,23.154677167846078
2014-09-01,22.699242027699505
2014-10-01,22.21638960208167
2014-11-01,17.67168817720599
2014-12-01,16.026449196826142
2015-01-01,15.694396908661874
2015-02-01,13.821793054172637
2015-03-01,15.466058533770969
2015-04-01,16.377404911097614
2015-05-01,18.22264180339028
2015-06-01,21.137426645818213
2015-07-01,23.95037141242764
2015-08-01,23.017040591008982
2015-09-01,23.16963574676042
2015-10-01,22.12313364548379
2015-11-01,17.938721505071097
2015-12-01,15.97501835012463
2016-01-01,13.826438207049964
2016-02-01,14.481980840917549
2016-03-01,16.47372074176535
2016-04-01,17.563461505535994
2016-05-01,19.968467446482396
2016-06-01,21.71850981993081
2016-07-01,21.668259570012378
2016-08-01,23.242277481628832
2016-09-01,22.170280902763206
2016-10-01,22.31633624849761
2016-11-01,18.023443374351558
2016-12-01,15.53896250099618
2017-01-01,13.837966870623813
2017-02-01,15.887338213985581
2017-03-01,18.710168480152255
2017-04-01,16.966322678202314
2017-05-01,19.617355609887557
2017-06-01,21.153323439550917
2017-07-01,22.3935965327898
2017-08-01,23.28696835569941
2017-09-01,22.576490354395965
2017-10-01,20.023923378852636
2017-11-01,16.961608721833212
2017-12-01,16.468599099944853
2018-01-01,15.865408496997679
2018-02-01,14.80363106554638
2018-03-01,15.302502109522804
2018-04-01,16.08520565483434
2018-05-01,21.778058531150013
2018-06-01,21.77920643142706
2018-07-01,22.36273166717456
2018-08-01,24.324051730742337
2018-09-01,25.08628416129032
2018-10-01,21.902687490743656
2018-11-01,17.96518483052747
2018-12-01,16.607324044570873
2019-01-01,12.809860825927792
2019-02-01,15.246845534163107
2019-03-01,16.662352311010977
2019-04-01,18.56167009307204
2019-05-01,19.578896317735985
2019-06-01,20.9138841219891
2019-07-01,21.821522648795916
2019-08-01,22.679128190597744
2019-09-01,23.144678635042165
2019-10-01,21.51349078442929
2019-11-01,16.99596355362557
2019-12-01,13.901856659234895
2020-01-01,14.959517013869897
2020-02-01,16.821473108561953
2020-03-01,16.691023509527426
2020-04-01,16.741545847096774
2020-05-01,17.439697423175428
2020-06-01,19.974321986199946
2020-07-01,22.351538812438612
2020-08-01,24.49070416260093
2020-09-01,23.34656915883558
2020-10-01,22.2222404572385
2020-11-01,18.195242061328212
2020-12-01,15.437808507282709
2021-01-01,13.840909508997733
2021-02-01,13.939988111981062
2021-03-01,16.559386296248718
2021-04-01,18.205394946515447
2021-05-01,17.544328710992694
2021-06-01,20.633048775776214
2021-07-01,25.17054800221029
2021-08-01,23.46972769159601
2021-09-01,25.18183001686202
2021-10-01,22.05257937945488
2021-11-01,17.744620395643512
2021-12-01,14.51755267515024
2022-01-01,11.841933506451609
2022-02-01,15.792791890417847
2022-03-01,16.73417702807879
2022-04-01,18.393926928181276
2022-05-01,17.65701125864602
2022-06-01,20.32045825029871
2022-07-01,22.130863890270206
2022-08-01,24.629462816756018
2022-09-01,23.371396310177047
2022-10-01,20.55827326632425
2022-11-01,17.221840355717983
2022-12-01,13.281558653517962
2023-01-01,14.024944057912258
2023-02-01,15.138880725511564
2023-03-01,16.257211956019976
2023-04-01,18.18980907796709
2023-05-01,19.188966122649276
2023-06-01,20.474372493528218
2023-07-01,24.2181988375699
2023-08-01,24.233154496907826
2023-09-01,23.365665615345723
2023-10-01,22.065027303909872
2023-11-01,18.32103774463854
2023-12-01,14.992798461393248
2024-01-01,12.472160622108644
2024-02-01,15.337064828931512
2024-03-01,16.213787960583673
2024-04-01,16.56024569727699
2024-05-01,17.41834732787438
2024-06-01,21.732949288402658
2024-07-01,23.861118522481217
2024-08-01,24.944492500672997
2024-09-01,24.762207152828037
2024-10-01,22.81709675491762
2024-11-01,17.766566638718245
2024-12-01,14.421158235466402
2025-01-01,15.278633334604956
2025-02-01,14.505960469711312
2025-03-01,16.886491078951206
2025-04-01,16.87869872658726
2025-05-01,21.864065939561005
2025-06-01,20.708196631598046
2025-07-01,22.379119197018795
2025-08-01,23.574164010868603
2025-09-01,23.630749113325322
2025-10-01,22.88203431153408
2025-11-01,18.79193592487069
2025-12-01,16.40653604055594
2026-01-01,13.550819307985256
2026-02-01,15.835026712611299
2026-03-01,16.92458258189661
2026-04-01,18.110297250699958
2026-05-01,20.134305784396336
2026-06-01,21.50875855259965
2026-07-01,23.858144996476888
2026-08-01,23.559909797396656
2026-09-01,23.034242142122903
2026-10-01,23.545427709223066
2026-11-01,17.325500933186497
2026-12-01,15.685884084832791
2027-01-01,15.724284143686399
2027-02-01,16.293325653497668
2027-03-01,16.92735614510266
2027-04-01,17.968304372176107
2027-05-01,21.89672061237423
2027-06-01,22.106163174221507
2027-07-01,23.97886251466283
2027-08-01,25.763429720823268
2027-09-01,23.163106365967362
2027-10-01,21.996961407777665
2027-11-01,18.029169499203846
2027-12-01,16.111237680715124
2028-01-01,14.197474680895347
2028-02-01,15.765314839276947
2028-03-01,16.906278905201386
2028-04-01,16.89984174546831
2028-05-01,19.802851641761414
2028-06-01,22.053318928208512
2028-07-01,23.60339948515539
2028-08-01,23.823443004448958
2028-09-01,24.233489175202816
2028-10-01,21.192811944214238
2028-11-01,17.068867492696754
2028-12-01,15.745136739684845
2029-01-01,12.493356704622778
2029-02-01,15.353106320912048
2029-03-01,17.00930336901733
2029-04-01,17.44464349734973
2029-05-01,22.123850933093284
2029-06-01,22.646326488437413
2029-07-01,23.769883314498276
2029-08-01,24.946092762719907
2029-09-01,22.55624811794052
2029-10-01,20.84201696699137
2029-11-01,17.071200186850916
2029-12-01,17.0261360321385
2030-01-01,13.456433359586589
2030-02-01,14.639104323341304
2030-03-01,16.093293241412
2030-04-01,16.955143499488862
2030-05-01,17.848051705712106
2030-06-01,20.78242042668139
2030-07-01,25.230136676585666
2030-08-01,23.626226924928876
2030-09-01,25.80977216129032
2030-10-01,20.954091688749983
2030-11-01,17.830353440471598
2030-12-01,14.588513847462314
2031-01-01,16.061896034271804
2031-02-01,16.276900532795395
2031-03-01,17.33217250301289
2031-04-01,17.423389981299632
2031-05-01,19.848716156755508
2031-06-01,22.093407903675594
2031-07-01,23.704845044989018
2031-08-01,25.959022730244392
2031-09-01,25.173895417056677
2031-10-01,22.928948789001467
2031-11-01,18.30337391759797
2031-12-01,17.088391685833002
2032-01-01,16.11960387236549
2032-02-01,16.42998089127909
2032-03-01,17.194798487935444
2032-04-01,18.91815518264717
2032-05-01,19.714551288893784
2032-06-01,22.17955616798557
2032-07-01,23.120939082055415
2032-08-01,23.517490753499846
2032-09-01,24.668589206779576
2032-10-01,22.283576453664654
2032-11-01,18.758698941669003
2032-12-01,16.600118996633817
2033-01-01,14.538467787364752
2033-02-01,13.889414990813053
2033-03-01,18.30183821204504
2033-04-01,19.17421034511884
2033-05-01,19.384523756131777
2033-06-01,20.862066815344168
2033-07-01,23.030429314196567
2033-08-01,24.16743463001885
2033-09-01,26.020454027371386
2033-10-01,22.609293139353618
2033-11-01,17.775195547846636
2033-12-01,15.042731307932044
2034-01-01,13.196780009986409
2034-02-01,13.330296103988191
2034-03-01,15.019732626935472
2034-04-01,17.215532872528463
2034-05-01,19.834605752950946
2034-06-01,23.621593171495896
2034-07-01,25.958777608843892
2034-08-01,24.327372112658537
2034-09-01,22.599955675376698
2034-10-01,21.887607465595195
2034-11-01,17.407999514433776
2034-12-01,17.14576666245265
2035-01-01,14.578897232943946
2035-02-01,16.36205138301755
2035-03-01,17.219967013881128
2035-04-01,18.484850874261387
2035-05-01,18.535556333653634
2035-06-01,22.199633565141227
2035-07-01,22.514345448252865
2035-08-01,23.59826194451572
2035-09-01,22.944379828732114
2035-10-01,23.12811939534138
2035-11-01,18.542734731129332
2035-12-01,14.491356990939204
2036-01-01,16.637459854718045
2036-02-01,15.37800334738228
2036-03-01,17.109070768918322
2036-04-01,18.623037148286304
2036-05-01,18.490648379201236
2036-06-01,21.07118278278496
2036-07-01,22.481498922478348
2036-08-01,24.37855833968479
2036-09-01,22.364378988069888
2036-10-01,22.54610801559284
2036-11-01,17.766312755136745
2036-12-01,15.639767107168321
2037-01-01,15.451743050830418
2037-02-01,14.532883273547046
2037-03-01,16.590138379138892
2037-04-01,17.374024663273985
2037-05-01,19.94793989852256
2037-06-01,21.84406933631113
2037-07-01,23.181233963823708
2037-08-01,23.893560495743483
2037-09-01,25.073865835978612
2037-10-01,22.233114812217845
2037-11-01,18.70130511543164
2037-12-01,14.552925985673973
2038-01-01,12.218276506451609
2038-02-01,13.174550000575056
2038-03-01,16.528330180317127
2038-04-01,17.552546707627734
2038-05-01,22.283713535458645
2038-06-01,22.020974039780047
2038-07-01,23.644335034154015
2038-08-01,22.734246482283723
2038-09-01,23.848853578964874
2038-10-01,20.101790262874243
2038-11-01,18.727524602338473
2038-12-01,14.752360753994642
2039-01-01,13.144908018559967
2039-02-01,15.126417183461697
2039-03-01,18.38244313625253
2039-04-01,17.421303669988447
2039-05-01,19.39185659367612
2039-06-01,22.33273939644465
2039-07-01,25.013773589499365
2039-08-01,25.226413611264068
2039-09-01,23.76322318326896
2039-10-01,21.531038337380682
2039-11-01,18.053039235633573
2039-12-01,13.454162260375417
2040-01-01,13.16635658346271
2040-02-01,15.741179735501381
2040-03-01,17.390788308733026
2040-04-01,20.902683101868792
2040-05-01,19.15746501815279
2040-06-01,22.515061441068863
2040-07-01,22.92302176501726
2040-08-01,24.38523605884291
2040-09-01,25.102367253468042
2040-10-01,22.478719043538774
2040-11-01,19.083760002091616
2040-12-01,16.646516636370343
2041-01-01,14.488555167263367
2041-02-01,16.96419232139226
2041-03-01,16.19240958342123
2041-04-01,19.61751043450128
2041-05-01,20.89219430251703
2041-06-01,22.08236146536561
2041-07-01,22.563696495945198
2041-08-01,24.25293069320038
2041-09-01,24.91518916136412
2041-10-01,22.50703880612813
2041-11-01,18.598586780257854
2041-12-01,15.792523277077017
2042-01-01,14.977029705382515
2042-02-01,16.99651345971286
2042-03-01,17.461082360142072
2042-04-01,16.71932611378257
2042-05-01,19.326741114492652
2042-06-01,21.872412869760044
2042-07-01,24.768797664307122
2042-08-01,26.86567783527255
2042-09-01,23.283839504733535
2042-10-01,22.04622895213327
2042-11-01,20.835189734682373
2042-12-01,17.225085255950418
2043-01-01,13.463032544477734
2043-02-01,13.442089785242585
2043-03-01,16.47496365912346
2043-04-01,18.99026970623656
2043-05-01,18.8391155305313
2043-06-01,22.66896516829774
2043-07-01,24.21870035015051
2043-08-01,23.02562082822826
2043-09-01,24.367199641203182
2043-10-01,22.03510919574654
2043-11-01,20.31874414570826
2043-12-01,16.18161335305032
2044-01-01,13.205795751411884
2044-02-01,14.441472644687963
2044-03-01,17.478528749781162
2044-04-01,18.44242206815835
2044-05-01,19.898145513515686
2044-06-01,21.93037930546514
2044-07-01,24.406006153367343
2044-08-01,23.768011411926683
2044-09-01,24.409281772693834
2044-10-01,23.866242545430282
2044-11-01,17.78554544090569
2044-12-01,16.027105873073975
2045-01-01,14.424649122739494
2045-02-01,13.919204320311849
2045-03-01,16.73162373107545
2045-04-01,17.761571203449066
2045-05-01,19.033187526087236
2045-06-01,23.226549492545654
2045-07-01,22.612532678737512
2045-08-01,25.035073855585352
2045-09-01,23.266788218661794
2045-10-01,22.573019926855384
2045-11-01,19.20951410163953
2045-12-01,16.5695496921241
2046-01-01,15.917176929907814
2046-02-01,14.028057911935289
2046-03-01,16.137191202992355
2046-04-01,18.356023560665967
2046-05-01,17.77607866675551
2046-06-01,23.217047298023065
2046-07-01,23.615717683671804
2046-08-01,25.446058944668714
2046-09-01,24.572763005159214
2046-10-01,21.013798188230812
2046-11-01,17.97493605121641
2046-12-01,14.985044202703293
2047-01-01,13.307034737425992
2047-02-01,16.61811195845787
2047-03-01,15.978911586500214
2047-04-01,18.365057897199204
2047-05-01,19.61752789273685
2047-06-01,22.88077425172637
2047-07-01,24.526190856782765
2047-08-01,24.20882006485331
2047-09-01,22.860608014859064
2047-10-01,20.481884971929762
2047-11-01,18.220574106053938
2047-12-01,15.780498735717686
2048-01-01,15.639765824710992
2048-02-01,16.53212297718745
2048-03-01,16.660646499179908
2048-04-01,19.04953167488529
2048-05-01,21.039684652611804
2048-06-01,22.64725837205283
2048-07-01,23.75495532079435
2048-08-01,24.439954678645567
2048-09-01,24.466066979082893
2048-10-01,22.880271771093298
2048-11-01,19.263955069289537
2048-12-01,15.805862734336973
2049-01-01,16.456931387813547
2049-02-01,15.801258267665977
2049-03-01,18.31324060079224
2049-04-01,18.750551290355364
2049-05-01,20.56783637853755
2049-06-01,21.579446038179803
2049-07-01,27.76963516129032
2049-08-01,25.36063447401919
2049-09-01,23.854173790180443
2049-10-01,21.57699800094875
2049-11-01,18.971703200421352
2049-12-01,16.2965981226017
2050-01-01,13.365377332997745
2050-02-01,13.621153537617241
2050-03-01,17.22583066382363
2050-04-01,18.93325640975869
2050-05-01,20.19830759937876
2050-06-01,23.02199722805111
2050-07-01,24.401217930809363
2050-08-01,25.18882251789297
2050-09-01,23.85337297979603
2050-10-01,21.570377850500623
2050-11-01,19.289615972173593
2050-12-01,13.377242282434207
2051-01-01,13.555102621074795
2051-02-01,16.584475284234045
2051-03-01,18.85463980752599
2051-04-01,18.276240755087343
2051-05-01,23.144614276595828
2051-06-01,22.920796043022214
2051-07-01,24.075839325143807
2051-08-01,24.8249891712639
2051-09-01,24.28743670554093
2051-10-01,23.415244977283624
2051-11-01,19.845669061237437
2051-12-01,17.523967807785507
2052-01-01,14.279511172048442
2052-02-01,16.893981191245082
2052-03-01,16.24682671788348
2052-04-01,18.785422984473158
2052-05-01,20.98011013945091
2052-06-01,25.203829575091046
2052-07-01,25.00206233232134
2052-08-01,24.7466842727688
2052-09-01,26.448657316247715
2052-10-01,22.743835956298355
2052-11-01,19.537407459639276
2052-12-01,17.826030084564074
2053-01-01,17.1831026399079
2053-02-01,15.106193814397422
2053-03-01,17.623444136991203
2053-04-01,18.145844950985808
2053-05-01,22.93627474016009
2053-06-01,23.994426141698497
2053-07-01,24.90571927515974
2053-08-01,24.627055435862683
2053-09-01,24.949199230002762
2053-10-01,22.9592990572185
2053-11-01,20.15240106817568
2053-12-01,16.744445257663596
2054-01-01,12.695763506451609
2054-02-01,15.118627423885497
2054-03-01,17.06620180375627
2054-04-01,20.088829781164552
2054-05-01,19.83456828565116
2054-06-01,22.965734824860593
2054-07-01,23.960042270654117
2054-08-01,24.62521273283126
2054-09-01,23.99135288442985
2054-10-01,22.645963683210923
2054-11-01,20.723862462778666
2054-12-01,16.396573283936473
2055-01-01,13.46168128020902
2055-02-01,17.093219099881658
2055-03-01,19.382660130623073
2055-04-01,18.992467590974215
2055-05-01,19.817091608294906
2055-06-01,23.10388249133855
2055-07-01,23.581817965845765
2055-08-01,24.073916546245403
2055-09-01,25.264214166482162
2055-10-01,21.83757179843471
2055-11-01,19.622827650021602
2055-12-01,15.660887316980656
2056-01-01,15.176443542824744
2056-02-01,17.874947139276184
2056-03-01,17.34529697740784
2056-04-01,19.63159877779729
2056-05-01,20.097801021435757
2056-06-01,23.268676779165062
2056-07-01,24.61709812050264
2056-08-01,24.79940533647902
2056-09-01,23.726573677474192
2056-10-01,20.89314949248733
2056-11-01,17.579575829580243
2056-12-01,16.128570048031527
2057-01-01,14.945326274361381
2057-02-01,13.611684132513075
2057-03-01,18.366266826462937
2057-04-01,18.145428909913324
2057-05-01,18.470414981256653
2057-06-01,22.9317955278783
2057-07-01,23.533676674911714
2057-08-01,25.513777171209192
2057-09-01,26.460708754028214
2057-10-01,25.329335442032836
2057-11-01,20.005563252733477
2057-12-01,17.884509757918337
2058-01-01,15.691306891247654
2058-02-01,13.870273886338174
2058-03-01,17.611750595180254
2058-04-01,19.547221562856496
2058-05-01,21.888689083784776
2058-06-01,23.346841910492554
2058-07-01,25.170647119648198
2058-08-01,25.52027128303222
2058-09-01,28.684604338314468
2058-10-01,25.2658693543347
2058-11-01,19.653722605515327
2058-12-01,18.43191587377758
2059-01-01,15.9368099547307
2059-02-01,13.967136154028381
2059-03-01,18.5312595064919
2059-04-01,18.79270479239299
2059-05-01,20.105667640358163
2059-06-01,23.649987958174574
2059-07-01,24.825587609248835
2059-08-01,24.666323866528046
2059-09-01,24.155595442298758
2059-10-01,22.838542974486383
2059-11-01,20.086381976846898
2059-12-01,16.34733437533985
2060-01-01,15.066731325451958
2060-02-01,18.718134912415472
2060-03-01,18.435001188013793
2060-04-01,18.33059351447382
2060-05-01,20.08180533514906
2060-06-01,23.388562855617817
2060-07-01,26.200125137819846
2060-08-01,25.905336232214548
2060-09-01,23.589755633771812
2060-10-01,22.03411327146345
2060-11-01,19.55252811156834
2060-12-01,15.414334618275365
2061-01-01,13.926844407136592
2061-02-01,15.234188057486861
2061-03-01,17.864078237833358
2061-04-01,17.64216862557429
2061-05-01,20.00222270715057
2061-06-01,21.865646833921144
2061-07-01,23.95932059262484
2061-08-01,25.5143121243324
2061-09-01,25.520944630405577
2061-10-01,23.044322337917293
2061-11-01,18.740797079579323
2061-12-01,17.851389714477314
2062-01-01,16.81630475194155
2062-02-01,14.676217212284618
2062-03-01,17.570692980538695
2062-04-01,18.641848445376198
2062-05-01,22.493701957695357
2062-06-01,22.237918690681784
2062-07-01,25.64456250102006
2062-08-01,25.613552007380505
2062-09-01,24.07929667285031
2062-10-01,22.584344074094652
2062-11-01,19.57182016183542
2062-12-01,16.82680194489258
2063-01-01,16.788006166065983
2063-02-01,18.311162802078382
2063-03-01,17.61144748063185
2063-04-01,18.824448775625267
2063-05-01,23.268773024667688
2063-06-01,23.156780495494004
2063-07-01,26.307545014931502
2063-08-01,28.96123918401634
2063-09-01,27.628963328007888
2063-10-01,23.160857074822335
2063-11-01,21.160355157017342
2063-12-01,17.671986813106937
2064-01-01,16.564809022943223
2064-02-01,18.114042050902334
2064-03-01,18.324799264014104
2064-04-01,20.041315555131916
2064-05-01,22.9057466440123
2064-06-01,22.156553201307496
2064-07-01,23.658863689443212
2064-08-01,27.048551097806936
2064-09-01,26.43327906058625
2064-10-01,23.77571284392941
2064-11-01,20.662088393512658
2064-12-01,17.754178280006307
2065-01-01,15.558143961747644
2065-02-01,14.248901828896807
2065-03-01,18.151891468761423
2065-04-01,18.78710312037405
2065-05-01,20.191423743235255
2065-06-01,23.27381553885304
2065-07-01,24.879914740757176
2065-08-01,25.73910313798224
2065-09-01,25.444991715053042
2065-10-01,24.060112971680727
2065-11-01,20.053739268311194
2065-12-01,15.939808117118316
2066-01-01,14.173666072110288
2066-02-01,16.50602446790318
2066-03-01,17.46336512159791
2066-04-01,18.892005186730994
2066-05-01,21.76759829400588
2066-06-01,23.27752426439304
2066-07-01,25.538812508458516
2066-08-01,24.70448104112375
2066-09-01,24.64270237767299
2066-10-01,21.69899590540703
2066-11-01,18.40112934873564
2066-12-01,14.908020630749736
2067-01-01,17.357824342009035
2067-02-01,17.848161662866083
2067-03-01,18.35297609627567
2067-04-01,19.683242732388823
2067-05-01,19.774858904053087
2067-06-01,24.56292577412569
2067-07-01,24.607978792048137
2067-08-01,28.836875509296963
2067-09-01,25.44972907467795
2067-10-01,24.05139839991712
2067-11-01,21.189750366021514
2067-12-01,17.7462063516938
2068-01-01,15.003458049849023
2068-02-01,18.28162930328553
2068-03-01,18.26932656417681
2068-04-01,18.38604400555508
2068-05-01,21.99561025159029
2068-06-01,23.97039379594507
2068-07-01,29.154693161290318
2068-08-01,25.78792415377433
2068-09-01,26.566281625688067
2068-10-01,22.415354434212617
2068-11-01,20.19296647046857
2068-12-01,18.254850882787714
2069-01-01,15.103089380943134
2069-02-01,15.006250457539775
2069-03-01,15.975815581221648
2069-04-01,18.43667722030022
2069-05-01,21.36348813554298
2069-06-01,23.65853233656402
2069-07-01,24.91014847215215
2069-08-01,26.985507011334725
2069-09-01,25.598161081412556
2069-10-01,23.723874672386668
2069-11-01,18.985509279895275
2069-12-01,16.49988588172247
2070-01-01,15.035683252167804
2070-02-01,15.093052845299024
2070-03-01,17.683266914439542
2070-04-01,18.225392532105506
2070-05-01,19.99780975434529
2070-06-01,23.63325846232519
2070-07-01,24.686740421102282
2070-08-01,25.65845932467561
2070-09-01,24.90096534842639
2070-10-01,22.64733605745495
2070-11-01,19.73779885757147
2070-12-01,16.990997702513212
2071-01-01,14.166945500868895
2071-02-01,16.5187546633397
2071-03-01,17.4719589932419
2071-04-01,18.632188118097158
2071-05-01,21.110133338314913
2071-06-01,23.663181440094146
2071-07-01,24.9029122504438
2071-08-01,28.090573089823266
2071-09-01,25.94824190683171
2071-10-01,23.86568128014988
2071-11-01,20.431752003343885
2071-12-01,18.85553958814198
2072-01-01,17.795525541897952
2072-02-01,16.057117772775708
2072-03-01,16.10063831153142
2072-04-01,18.594498972888722
2072-05-01,20.357057862349247
2072-06-01,24.316463664048314
2072-07-01,25.73399525334991
2072-08-01,25.66675550917092
2072-09-01,25.859513398402637
2072-10-01,23.560724168143423
2072-11-01,19.165028146961497
2072-12-01,16.478051971072865
2073-01-01,14.487159910403363
2073-02-01,15.881310237955113
2073-03-01,18.226727771852012
2073-04-01,20.721759439930388
2073-05-01,20.536953963205324
2073-06-01,23.590016002929943
2073-07-01,25.087941445728266
2073-08-01,25.829326761405085
2073-09-01,27.31983218233995
2073-10-01,24.34784207604042
2073-11-01,20.49811933460012
2073-12-01,18.326197445504064
2074-01-01,15.641095977018225
2074-02-01,17.75864126494837
2074-03-01,18.545248779673976
2074-04-01,20.515533067086256
2074-05-01,21.293619538844066
2074-06-01,25.012102668140376
2074-07-01,23.94924905634811
2074-08-01,25.973061373486544
2074-09-01,24.460401608942824
2074-10-01,24.521436317670343
2074-11-01,19.702908146569772
2074-12-01,16.467152488196135
2075-01-01,15.368973680705464
2075-02-01,15.948938443576893
2075-03-01,18.051555964608085
2075-04-01,19.87831752965064
2075-05-01,21.51933160934151
2075-06-01,23.90778751470542
2075-07-01,26.2919092132462
2075-08-01,25.990191128796557
2075-09-01,26.833279892554547
2075-10-01,23.673745547398507
2075-11-01,20.041376430415465
2075-12-01,17.132583693580926
2076-01-01,15.432252023814486
2076-02-01,16.866597894180707
2076-03-01,18.712777353523137
2076-04-01,19.928455429454544
2076-05-01,21.334704647373062
2076-06-01,23.81759791552799
2076-07-01,26.625270856446846
2076-08-01,25.608289026243582
2076-09-01,25.643719300099033
2076-10-01,22.844521470980492
2076-11-01,19.29354701972112
2076-12-01,16.671932866804752
2077-01-01,14.3367346170957
2077-02-01,16.14815858800432
2077-03-01,17.819983486778334
2077-04-01,18.966155384027793
2077-05-01,23.936494659248243
2077-06-01,24.481204031041266
2077-07-01,25.18326657593277
2077-08-01,25.891318215404887
2077-09-01,23.73707239727513
2077-10-01,22.717992931698767
2077-11-01,19.6621998189885
2077-12-01,16.89316182986017
2078-01-01,13.715302506451609
2078-02-01,18.645721330623267
2078-03-01,18.6761083882653
2078-04-01,20.350526472854746
2078-05-01,20.55137858232848
2078-06-01,22.818711684056208
2078-07-01,25.865974542763922
2078-08-01,26.051558329112574
2078-09-01,27.43077256927295
2078-10-01,24.11070347105855
2078-11-01,18.90533482673552
2078-12-01,16.98215036410423
2079-01-01,17.82620701786476
2079-02-01,17.8058777915466
2079-03-01,17.759974184712362
2079-04-01,20.087450855265413
2079-05-01,22.36553262622055
2079-06-01,23.282577942710812
2079-07-01,24.70128760765455
2079-08-01,25.72198040903103
2079-09-01,25.701696340994275
2079-10-01,25.7023841231239
2079-11-01,20.240685045708847
2079-12-01,18.0206869839439
2080-01-01,16.026662738368593
2080-02-01,17.50991236953947
2080-03-01,18.993198605467132
2080-04-01,19.01303308018087
2080-05-01,21.224867232043994
2080-06-01,24.61741881168568
2080-07-01,26.084217056397655
2080-08-01,26.346034356942305
2080-09-01,25.488045176577522
2080-10-01,22.879978219873166
2080-11-01,20.545313056083998
2080-12-01,16.07634876229909
2081-01-01,15.336375950065678
2081-02-01,17.809299916602548
2081-03-01,18.371816621352828
2081-04-01,20.152574492377436
2081-05-01,21.60596103120978
2081-06-01,25.729261103579727
2081-07-01,26.037950460530244
2081-08-01,26.279350289783284
2081-09-01,25.729271189768017
2081-10-01,24.61336034810269
2081-11-01,20.32669162669686
2081-12-01,16.100243432623383
2082-01-01,18.504520709406723
2082-02-01,16.988037897399405
2082-03-01,17.938037310913415
2082-04-01,20.251878686910825
2082-05-01,21.415822783052484
2082-06-01,24.497070909218426
2082-07-01,25.980674863609448
2082-08-01,25.753327927820948
2082-09-01,25.445037198217264
2082-10-01,24.1784077896963
2082-11-01,19.70437987021552
2082-12-01,15.470214243758011
2083-01-01,15.33617247497378
2083-02-01,16.988301311851373
2083-03-01,18.10441995511116
2083-04-01,19.653606378397903
2083-05-01,23.80682090034269
2083-06-01,25.75175074290239
2083-07-01,26.08742426278155
2083-08-01,26.606308751286196
2083-09-01,24.774215801324264
2083-10-01,24.331636602474372
2083-11-01,20.171814218540923
2083-12-01,18.670003193978282
2084-01-01,17.53505970449477
2084-02-01,15.204563545635922
2084-03-01,17.606973878916115
2084-04-01,19.127194614586287
2084-05-01,20.768176885624985
2084-06-01,22.911949363116566
2084-07-01,26.126368538879845
2084-08-01,26.691147290930083
2084-09-01,26.28681440955898
2084-10-01,23.078432258900673
2084-11-01,19.47169406619767
2084-12-01,18.218615827545158
2085-01-01,14.938592489326927
2085-02-01,17.22021918038623
2085-03-01,18.667170603464506
2085-04-01,19.24509321489064
2085-05-01,20.973008434571902
2085-06-01,23.62711129670006
2085-07-01,25.358736699992356
2085-08-01,25.337648611580352
2085-09-01,24.21665640593545
2085-10-01,25.727873066545982
2085-11-01,20.617956720044713
2085-12-01,17.183130272350052
2086-01-01,13.59485100645161
2086-02-01,16.251780989601965
2086-03-01,18.19537659829826
2086-04-01,19.628085605763353
2086-05-01,21.235504748976634
2086-06-01,23.457401659518705
2086-07-01,26.46199321012966
2086-08-01,25.88329472070662
2086-09-01,25.87790382052436
2086-10-01,24.782218794131254
2086-11-01,19.366326573457293
2086-12-01,16.525660410586646
2087-01-01,15.672576249038523
2087-02-01,17.960683909378787
2087-03-01,19.890402540705225
2087-04-01,21.977902267356463
2087-05-01,23.23753103008405
2087-06-01,25.394596947096932
2087-07-01,26.443930631184394
2087-08-01,26.432793186571665
2087-09-01,27.355073937466816
2087-10-01,24.766933606347447
2087-11-01,20.540411534353627
2087-12-01,18.42437503315508
2088-01-01,15.408376364698826
2088-02-01,18.493485147822014
2088-03-01,18.86078932630035
2088-04-01,19.39355893203662
2088-05-01,22.937360979591784
2088-06-01,23.499028664018553
2088-07-01,25.403759804570544
2088-08-01,25.889550525232185
2088-09-01,26.63729381533535
2088-10-01,25.052938618131897
2088-11-01,21.582593431370757
2088-12-01,16.624288052723994
2089-01-01,17.044971939888015
2089-02-01,19.404320164200676
2089-03-01,18.511981010324142
2089-04-01,19.219261833816944
2089-05-01,20.18353164988495
2089-06-01,22.23715834430511
2089-07-01,25.76452860388033
2089-08-01,26.812309397574232
2089-09-01,26.147872479385587
2089-10-01,24.70551744604815
2089-11-01,21.43488922648202
2089-12-01,18.56342184083642
2090-01-01,15.378289040124152
2090-02-01,17.29594232495539
2090-03-01,19.23067392378833
2090-04-01,20.118949994961287
2090-05-01,22.547761983573228
2090-06-01,27.229666561203704
2090-07-01,30.482614161290318
2090-08-01,27.879115033301126
2090-09-01,26.839425140664105
2090-10-01,24.96844459852806
2090-11-01,21.07155055883616
2090-12-01,18.455817616398466
2091-01-01,17.14883229735284
2091-02-01,16.70749681164387
2091-03-01,19.373665893154723
2091-04-01,21.457386608670227
2091-05-01,24.988119681152146
2091-06-01,24.44105162220879
2091-07-01,26.89465533865174
2091-08-01,26.176578035884656
2091-09-01,26.913169379832137
2091-10-01,26.145574462316308
2091-11-01,21.043580497092663
2091-12-01,17.82516168589708
2092-01-01,15.928083658805637
2092-02-01,17.42151725721198
2092-03-01,19.08690489173936
2092-04-01,23.636534389692635
2092-05-01,23.638006946211924
2092-06-01,23.833853834775393
2092-07-01,26.694128846158332
2092-08-01,26.86993252928996
2092-09-01,26.854944405953354
2092-10-01,24.94493757253758
2092-11-01,21.611146707639495
2092-12-01,19.53267511752432
2093-01-01,18.065394853649764
2093-02-01,18.400419408522865
2093-03-01,17.441681120182572
2093-04-01,22.217248551071552
2093-05-01,21.398397307901146
2093-06-01,25.135727995473676
2093-07-01,27.450229636991615
2093-08-01,27.12533472576159
2093-09-01,29.16503545077305
2093-10-01,27.014658320480166
2093-11-01,22.129907432731272
2093-12-01,18.297619168783022
2094-01-01,17.008404904711984
2094-02-01,19.011941514752063
2094-03-01,21.244321913013426
2094-04-01,21.45888346344119
2094-05-01,23.7683142197315
2094-06-01,25.14422147997785
2094-07-01,26.18443404492453
2094-08-01,26.960195096774058
2094-09-01,26.943620882817587
2094-10-01,25.70918482107095
2094-11-01,22.09439897603002
2094-12-01,16.916769658578204
2095-01-01,16.179903242772667
2095-02-01,16.843044031769296
2095-03-01,19.773183456993653
2095-04-01,19.961083221007883
2095-05-01,22.3555527597783
2095-06-01,25.705007940720023
2095-07-01,25.191263257651766
2095-08-01,27.25814550437613
2095-09-01,27.358201568430413
2095-10-01,25.348998384956356
2095-11-01,21.182630982269263
2095-12-01,16.118489004110756
2096-01-01,16.338240745122583
2096-02-01,18.993801951895065
2096-03-01,18.88869754134267
2096-04-01,20.459309391220245
2096-05-01,21.50436247725031
2096-06-01,22.508005084958842
2096-07-01,26.91189761199559
2096-08-01,26.88539910737401
2096-09-01,27.078374579653794
2096-10-01,25.419326970144855
2096-11-01,21.026675551853554
2096-12-01,18.015972849518583
2097-01-01,15.776783751420469
2097-02-01,15.60809213175133
2097-03-01,19.645491939409556
2097-04-01,20.163787631003927
2097-05-01,23.785048782454485
2097-06-01,24.97515912907459
2097-07-01,26.30599020356327
2097-08-01,26.97158072344445
2097-09-01,27.068112277543143
2097-10-01,25.418064995756325
2097-11-01,21.632225290322577
2097-12-01,18.98825815772397
2098-01-01,15.608062905613687
2098-02-01,18.892618195847806
2098-03-01,19.080531131359496
2098-04-01,21.22463281806674
2098-05-01,22.509596873527546
2098-06-01,25.241916358622287
2098-07-01,27.139185775235582
2098-08-01,27.51988051472287
2098-09-01,28.38984070117541
2098-10-01,25.972024268693765
2098-11-01,21.413824454483095
2098-12-01,19.508073535880808
2099-01-01,16.03948972394393
2099-02-01,16.88126117986841
2099-03-01,18.434101102780588
2099-04-01,19.742873732298435
2099-05-01,21.22166148692712
2099-06-01,25.4431556636833
2099-07-01,25.753985054092304
2099-08-01,27.514989176734165
2099-09-01,26.497698519308507
2099-10-01,24.974462535461278
2099-11-01,21.202882787454975
2099-12-01,19.273218263568882
2100-01-01,16.84223013815525
2100-02-01,18.98851521308729
2100-03-01,19.73154454445157
2100-04-01,20.507911828315123
2100-05-01,21.356156286276516
2100-06-01,25.864311352510867
2100-07-01,27.048179349533836
2100-08-01,27.481060213036347
2100-09-01,26.911696036891072
2100-10-01,24.982396949076097
2100-11-01,20.369155503455687
2100-12-01,19.372410943849125
