Variable,tas
Experiment,rcp85
Zone,Q11b
Code,CCCma-CanESM2_r1i1p1_SMHI-RCA4_v1
1951-01-01,10.272842096325267
1951-02-01,13.111972331290824
1951-03-01,13.383912455320072
1951-04-01,15.410507541795173
1951-05-01,19.57921215020253
1951-06-01,21.992343675887003
1951-07-01,23.699419840769146
1951-08-01,20.69448585886706
1951-09-01,21.454841481962433
1951-10-01,18.624263930448095
1951-11-01,14.97892555923392
1951-12-01,14.18134659345087
1952-01-01,13.747759497010518
1952-02-01,12.377083767467479
1952-03-01,13.74324416726696
1952-04-01,14.470763627391513
1952-05-01,14.82080150833274
1952-06-01,21.60074273677301
1952-07-01,27.646563870967736
1952-08-01,22.487150589564166
1952-09-01,22.66307034082846
1952-10-01,19.73130867977125
1952-11-01,16.11031363256531
1952-12-01,13.500842284482646
1953-01-01,11.423158004244124
1953-02-01,11.022049236247064
1953-03-01,14.353840794909118
1953-04-01,14.287062269129198
1953-05-01,15.385343972661444
1953-06-01,19.506903837141405
1953-07-01,20.9553387787102
1953-08-01,24.38812752057234
1953-09-01,21.163069187332695
1953-10-01,20.692659446901576
1953-11-01,14.669511428166544
1953-12-01,12.620996383589803
1954-01-01,10.349388200910418
1954-02-01,10.461784931287255
1954-03-01,14.476504914417298
1954-04-01,16.397883502544556
1954-05-01,15.65869470967742
1954-06-01,19.786187874378655
1954-07-01,22.584777374993976
1954-08-01,23.46275397435007
1954-09-01,22.704992166237638
1954-10-01,19.5397178693795
1954-11-01,14.171945861706705
1954-12-01,12.828467266466289
1955-01-01,13.972279177468643
1955-02-01,12.828863414175672
1955-03-01,13.887524380523407
1955-04-01,14.384377522497969
1955-05-01,17.919061365360125
1955-06-01,22.585119593372788
1955-07-01,22.03556705700512
1955-08-01,22.812638042512816
1955-09-01,23.696007496433435
1955-10-01,20.25076103898873
1955-11-01,14.832582412566614
1955-12-01,12.65455808483931
1956-01-01,10.992433792430097
1956-02-01,13.7551483800173
1956-03-01,13.768507483487975
1956-04-01,14.811396381175445
1956-05-01,16.98340807224717
1956-06-01,19.902981687129323
1956-07-01,22.398567996884147
1956-08-01,22.78943346715087
1956-09-01,20.33325856967081
1956-10-01,18.154621140573674
1956-11-01,13.905724110291471
1956-12-01,11.385599587478731
1957-01-01,9.366225213423032
1957-02-01,14.209995931322439
1957-03-01,12.996854638142205
1957-04-01,15.947916709677418
1957-05-01,16.00080636121182
1957-06-01,19.522836624574882
1957-07-01,20.99125538729642
1957-08-01,23.36839576777155
1957-09-01,22.643212121424927
1957-10-01,18.81751361699168
1957-11-01,15.58933904814986
1957-12-01,14.131977156373598
1958-01-01,11.208257536578829
1958-02-01,14.50623989208469
1958-03-01,15.539134795051734
1958-04-01,17.145107040760596
1958-05-01,18.417495667607543
1958-06-01,19.72336000843727
1958-07-01,24.11793584960057
1958-08-01,23.958087054949956
1958-09-01,21.409868319749858
1958-10-01,20.305651233255652
1958-11-01,15.279305561678896
1958-12-01,10.14570135496234
1959-01-01,10.049309232442008
1959-02-01,10.022492751638731
1959-03-01,14.1283511630693
1959-04-01,15.549974275287147
1959-05-01,16.555308672491297
1959-06-01,20.323867088239226
1959-07-01,22.072861895367883
1959-08-01,25.250595027980786
1959-09-01,20.973855931302296
1959-10-01,19.947881594068292
1959-11-01,14.77744100058466
1959-12-01,13.162041553053749
1960-01-01,9.53573389022709
1960-02-01,13.457648089361744
1960-03-01,14.453405149401219
1960-04-01,14.760564834204976
1960-05-01,17.663163833569143
1960-06-01,22.842371551237544
1960-07-01,22.73119891301898
1960-08-01,24.525204343621514
1960-09-01,19.913341294408532
1960-10-01,19.498362281861493
1960-11-01,14.396944386418628
1960-12-01,12.215044458619138
1961-01-01,10.872830981199403
1961-02-01,9.646041821207817
1961-03-01,13.510330714688386
1961-04-01,17.665971752870995
1961-05-01,17.056584741636218
1961-06-01,17.024160810943993
1961-07-01,19.666127241397696
1961-08-01,20.789970815604917
1961-09-01,23.512181325019352
1961-10-01,21.175210608918764
1961-11-01,15.496735126963145
1961-12-01,12.560588464721016
1962-01-01,11.021230153834496
1962-02-01,13.568332597715168
1962-03-01,14.60477884280796
1962-04-01,15.468957813481051
1962-05-01,15.187762632736908
1962-06-01,18.384785330884522
1962-07-01,23.508192832879857
1962-08-01,22.773000067821034
1962-09-01,20.742483386432426
1962-10-01,18.38858972464788
1962-11-01,15.385989159947293
1962-12-01,12.379547912181343
1963-01-01,9.899741113041152
1963-02-01,11.473134943955579
1963-03-01,13.504756824851807
1963-04-01,14.939905256984362
1963-05-01,18.886219951080065
1963-06-01,20.57298349105934
1963-07-01,22.388547323389435
1963-08-01,22.656262199363063
1963-09-01,20.5748567669043
1963-10-01,18.725378930345524
1963-11-01,15.291038723117275
1963-12-01,10.961824611118308
1964-01-01,9.290159152959191
1964-02-01,12.314484737356509
1964-03-01,13.563793480869668
1964-04-01,14.766444845049982
1964-05-01,16.174493821308165
1964-06-01,19.41975337046315
1964-07-01,22.20922036754009
1964-08-01,23.071419473563356
1964-09-01,23.084564511738805
1964-10-01,19.90543721027242
1964-11-01,15.37150973175779
1964-12-01,14.659479186932872
1965-01-01,11.9403674532117
1965-02-01,14.053668674015661
1965-03-01,13.503468831596388
1965-04-01,13.726747267403212
1965-05-01,15.355081987383498
1965-06-01,19.13796566837798
1965-07-01,22.557403527076016
1965-08-01,22.212294556679407
1965-09-01,24.28428723388016
1965-10-01,19.786222154533863
1965-11-01,15.651139290643748
1965-12-01,13.402256259984537
1966-01-01,13.391703891176311
1966-02-01,14.387162517743933
1966-03-01,14.40683325032951
1966-04-01,15.426966995813308
1966-05-01,19.836150213852747
1966-06-01,19.753395434847526
1966-07-01,23.73835819870936
1966-08-01,24.717615979147812
1966-09-01,20.33670744132221
1966-10-01,19.83453157910573
1966-11-01,15.041126535660224
1966-12-01,12.61397515830812
1967-01-01,11.925043622107228
1967-02-01,12.377333918362877
1967-03-01,13.815690097699234
1967-04-01,13.764139265614228
1967-05-01,15.233899215994702
1967-06-01,18.1881647533812
1967-07-01,19.90877500399582
1967-08-01,22.101973313176295
1967-09-01,20.61397340813827
1967-10-01,16.448944735748277
1967-11-01,14.593774463363262
1967-12-01,11.242452004423471
1968-01-01,8.550809763855925
1968-02-01,13.752407240004327
1968-03-01,14.243846499144766
1968-04-01,15.109993224013367
1968-05-01,15.115541252984517
1968-06-01,20.417788648037373
1968-07-01,23.630842252876946
1968-08-01,22.831258192658805
1968-09-01,23.241310322355496
1968-10-01,19.061890413722242
1968-11-01,15.176917275862346
1968-12-01,14.552563938066033
1969-01-01,13.405597766649919
1969-02-01,9.666204342245917
1969-03-01,12.706776054011693
1969-04-01,15.120748319924756
1969-05-01,14.725937833851301
1969-06-01,19.566855675482614
1969-07-01,23.694777115732947
1969-08-01,22.17199162035386
1969-09-01,18.740146179112514
1969-10-01,15.321802876798266
1969-11-01,13.791313501999939
1969-12-01,12.803807198759518
1970-01-01,14.071761167059769
1970-02-01,12.748190295213998
1970-03-01,13.508453583020886
1970-04-01,15.102297889605648
1970-05-01,16.794471780426225
1970-06-01,18.84778060756325
1970-07-01,22.528146283240147
1970-08-01,20.701538706762744
1970-09-01,21.616905916146024
1970-10-01,17.518953731630948
1970-11-01,14.274315360389933
1970-12-01,11.684218271716112
1971-01-01,11.734585315959825
1971-02-01,10.006725239093225
1971-03-01,15.613374899447464
1971-04-01,14.351231820143358
1971-05-01,16.678834001267315
1971-06-01,18.800959418731193
1971-07-01,21.503849727355544
1971-08-01,21.112455795405072
1971-09-01,20.722895756500414
1971-10-01,16.022174461218786
1971-11-01,14.974592873382985
1971-12-01,11.98832556390734
1972-01-01,8.083212593548389
1972-02-01,12.392294914277304
1972-03-01,14.635065890138023
1972-04-01,14.723167399170137
1972-05-01,15.579437122736056
1972-06-01,19.092703117099816
1972-07-01,22.08008449012103
1972-08-01,26.475077870967734
1972-09-01,18.82840349923458
1972-10-01,18.91480072676513
1972-11-01,14.770690709117135
1972-12-01,13.800584207232255
1973-01-01,12.889246865892213
1973-02-01,10.400581184330505
1973-03-01,14.746980715645684
1973-04-01,16.32332169897041
1973-05-01,16.876584630778602
1973-06-01,20.549267539146616
1973-07-01,23.888706250346868
1973-08-01,21.75734161230075
1973-09-01,20.460281073230316
1973-10-01,16.970488513439903
1973-11-01,14.043004353510941
1973-12-01,14.406420513813982
1974-01-01,12.923178504983062
1974-02-01,11.419584014879613
1974-03-01,14.598580798121565
1974-04-01,14.59443698838514
1974-05-01,16.555916264335963
1974-06-01,19.51960981653536
1974-07-01,20.780962098349637
1974-08-01,23.43050063533146
1974-09-01,24.196421890332026
1974-10-01,18.255236907217732
1974-11-01,11.701926990184372
1974-12-01,11.181490298723492
1975-01-01,8.704132769388012
1975-02-01,12.0044551867859
1975-03-01,14.532688704014191
1975-04-01,15.42945401876789
1975-05-01,18.232739024562235
1975-06-01,20.177314113541673
1975-07-01,19.849089583836335
1975-08-01,23.82374862913583
1975-09-01,22.83040070102219
1975-10-01,18.46901472464789
1975-11-01,14.88627038129275
1975-12-01,13.5217050726687
1976-01-01,10.611960690569981
1976-02-01,11.95454983587691
1976-03-01,14.65678281530696
1976-04-01,14.68980237546288
1976-05-01,17.41073402509581
1976-06-01,18.30639491790696
1976-07-01,21.31068798454087
1976-08-01,23.37595794100862
1976-09-01,21.43142269573235
1976-10-01,19.789063566429178
1976-11-01,14.826698936106984
1976-12-01,12.761737327063829
1977-01-01,9.995747838210674
1977-02-01,13.403645391563197
1977-03-01,14.47853612857067
1977-04-01,15.63842603227099
1977-05-01,19.00168426386612
1977-06-01,24.103088540594847
1977-07-01,23.94081182586479
1977-08-01,23.608776291037515
1977-09-01,24.2544628955194
1977-10-01,20.439995533130766
1977-11-01,15.807717955565263
1977-12-01,14.022665284083043
1978-01-01,13.259568507128037
1978-02-01,11.749636745532653
1978-03-01,13.557683466900812
1978-04-01,15.908612125127032
1978-05-01,19.615741345723926
1978-06-01,21.00580165717977
1978-07-01,24.216119952095447
1978-08-01,24.030388629224788
1978-09-01,21.239995669907874
1978-10-01,20.70991478676115
1978-11-01,15.88877745613561
1978-12-01,11.524001876169637
1979-01-01,10.595901301364139
1979-02-01,11.345853165811555
1979-03-01,13.651574074354324
1979-04-01,15.774203100338097
1979-05-01,18.135270256226256
1979-06-01,18.807627957620983
1979-07-01,22.75053660996701
1979-08-01,24.090791130934832
1979-09-01,22.423605630786295
1979-10-01,18.716744209285952
1979-11-01,14.732208760453078
1979-12-01,13.630196142847526
1980-01-01,12.295026832774058
1980-02-01,12.526737943140624
1980-03-01,15.173726532285302
1980-04-01,15.068048019541536
1980-05-01,16.1177372616471
1980-06-01,20.110618374777427
1980-07-01,21.03211580769225
1980-08-01,24.830941523688686
1980-09-01,23.529705140177107
1980-10-01,20.217854185258037
1980-11-01,15.92690063897577
1980-12-01,13.68218643654493
1981-01-01,10.430188093172548
1981-02-01,12.796110815530376
1981-03-01,13.950626861443226
1981-04-01,15.926408152362983
1981-05-01,17.925694408268956
1981-06-01,21.745055933313246
1981-07-01,23.283631170308283
1981-08-01,25.891743870967737
1981-09-01,24.62431429939658
1981-10-01,18.458244653786863
1981-11-01,14.553183277207268
1981-12-01,13.705408192883315
1982-01-01,13.627805967306589
1982-02-01,14.876525232300187
1982-03-01,12.913398087809343
1982-04-01,14.827168359713784
1982-05-01,18.16652342584557
1982-06-01,19.3024100604765
1982-07-01,23.300002196878193
1982-08-01,23.676426986104655
1982-09-01,23.047407507157097
1982-10-01,18.886722201252756
1982-11-01,16.276138197476854
1982-12-01,12.947986065856758
1983-01-01,10.599720919378505
1983-02-01,14.95491671436889
1983-03-01,15.087880118807364
1983-04-01,19.336918584408227
1983-05-01,18.484222987290092
1983-06-01,21.25466056569917
1983-07-01,23.128596451443013
1983-08-01,23.54514434627723
1983-09-01,23.477864683379863
1983-10-01,22.279057604118297
1983-11-01,16.05088789695303
1983-12-01,11.032572566615011
1984-01-01,8.771982593548389
1984-02-01,13.60092820697734
1984-03-01,12.704520225583373
1984-04-01,14.702588535139295
1984-05-01,16.940227819989847
1984-06-01,19.357716811115818
1984-07-01,20.356703676206855
1984-08-01,21.53283125128926
1984-09-01,19.091745983520113
1984-10-01,18.825649863257645
1984-11-01,15.349078152268815
1984-12-01,13.833998643337425
1985-01-01,9.782874455503789
1985-02-01,11.40878358101049
1985-03-01,16.2905287817435
1985-04-01,16.33035322285106
1985-05-01,15.634267954188816
1985-06-01,17.55941430313466
1985-07-01,21.563599589378608
1985-08-01,22.941910743678292
1985-09-01,20.93188556733154
1985-10-01,19.28946182644246
1985-11-01,15.158757299352205
1985-12-01,13.745983804687686
1986-01-01,14.988331544617791
1986-02-01,12.38378723020515
1986-03-01,14.79997964198845
1986-04-01,15.197155471598462
1986-05-01,15.718016237243521
1986-06-01,19.190960430222137
1986-07-01,20.027700348046725
1986-08-01,24.186441745049226
1986-09-01,20.364705453824104
1986-10-01,18.416658580971866
1986-11-01,18.013777210353435
1986-12-01,13.198930835360592
1987-01-01,10.320205548057412
1987-02-01,11.370193409208104
1987-03-01,14.45464546093207
1987-04-01,14.801239159820916
1987-05-01,16.322185594061555
1987-06-01,19.7423497617875
1987-07-01,24.362188015841166
1987-08-01,24.44680539085822
1987-09-01,21.8892629961536
1987-10-01,19.79650113137284
1987-11-01,14.762940190974895
1987-12-01,11.543266078051087
1988-01-01,13.099663686526005
1988-02-01,11.230337338014523
1988-03-01,14.995022980751576
1988-04-01,15.986362087960098
1988-05-01,18.875669176993544
1988-06-01,20.4289402476266
1988-07-01,23.492437572362753
1988-08-01,24.209785918609164
1988-09-01,21.76484649589914
1988-10-01,19.358705299040256
1988-11-01,15.482825525942157
1988-12-01,12.431691655206398
1989-01-01,11.684889324609019
1989-02-01,14.122810908952777
1989-03-01,14.364152492675473
1989-04-01,15.68304131646239
1989-05-01,17.15037379393622
1989-06-01,20.861725551969
1989-07-01,22.107721049889534
1989-08-01,22.44703908312724
1989-09-01,22.10426399283422
1989-10-01,20.23028978280652
1989-11-01,15.161225168663629
1989-12-01,12.459234350035205
1990-01-01,11.271549200619525
1990-02-01,13.744560163056871
1990-03-01,14.758183743676959
1990-04-01,14.968499201409223
1990-05-01,18.010480287819153
1990-06-01,22.842799915333256
1990-07-01,21.131755713908184
1990-08-01,22.90323961754615
1990-09-01,23.791715796430466
1990-10-01,18.763872879864604
1990-11-01,15.57133438228597
1990-12-01,11.547490203764607
1991-01-01,10.480630115285823
1991-02-01,10.59122073631833
1991-03-01,13.725057618049537
1991-04-01,17.743168183200567
1991-05-01,18.84407480060814
1991-06-01,24.06838096481634
1991-07-01,24.69472493673028
1991-08-01,23.151220537244917
1991-09-01,24.052192132362766
1991-10-01,20.833212446261072
1991-11-01,16.237880260652044
1991-12-01,13.766911560671067
1992-01-01,11.441668840121247
1992-02-01,15.597458683426236
1992-03-01,15.351086980515609
1992-04-01,16.36083164985451
1992-05-01,17.937024117632433
1992-06-01,20.1243743522699
1992-07-01,21.549353452836257
1992-08-01,24.05896396104369
1992-09-01,21.15600691891425
1992-10-01,18.64878577707511
1992-11-01,15.160614204450566
1992-12-01,11.968942504315791
1993-01-01,13.270767057976116
1993-02-01,9.622343593548388
1993-03-01,14.149611565044433
1993-04-01,15.07230431109552
1993-05-01,20.391502639401548
1993-06-01,19.88152118890478
1993-07-01,23.793582220749954
1993-08-01,24.947821504333447
1993-09-01,23.49887772412656
1993-10-01,17.02388437610499
1993-11-01,15.171970248623992
1993-12-01,11.938576333368335
1994-01-01,10.077281613309884
1994-02-01,13.552723230077788
1994-03-01,15.129377167176319
1994-04-01,20.05376342317091
1994-05-01,18.13390581398246
1994-06-01,21.310039936639665
1994-07-01,22.5040563476205
1994-08-01,21.479130733676325
1994-09-01,23.17671217722485
1994-10-01,20.667947307505393
1994-11-01,16.070433075848605
1994-12-01,13.864188421805064
1995-01-01,10.67417425602922
1995-02-01,12.652458911463507
1995-03-01,16.807549393015503
1995-04-01,14.98892093636062
1995-05-01,18.080006791745685
1995-06-01,20.06908749174677
1995-07-01,23.455800929348868
1995-08-01,22.54482128597354
1995-09-01,20.518895625347458
1995-10-01,17.146671880924174
1995-11-01,15.82032490007664
1995-12-01,12.507392882474376
1996-01-01,12.758969280889072
1996-02-01,12.141160475931569
1996-03-01,13.947157167454566
1996-04-01,14.427795939410116
1996-05-01,16.218606429202236
1996-06-01,21.880495132931436
1996-07-01,21.848907845833697
1996-08-01,21.905841435797008
1996-09-01,24.379805094006933
1996-10-01,20.539733247382518
1996-11-01,17.663343334963386
1996-12-01,12.756844204704976
1997-01-01,14.132141865270027
1997-02-01,11.512720192691054
1997-03-01,14.696219777634939
1997-04-01,15.36088593940009
1997-05-01,19.322297162754584
1997-06-01,20.469330819046597
1997-07-01,22.710023320800705
1997-08-01,24.554396934024048
1997-09-01,22.677407330412056
1997-10-01,18.95256882411305
1997-11-01,16.446911595608118
1997-12-01,13.31664424996109
1998-01-01,13.445179044682373
1998-02-01,13.893738673119254
1998-03-01,14.629362358982787
1998-04-01,18.142363251777507
1998-05-01,20.025715574726092
1998-06-01,19.27724223953071
1998-07-01,23.117189033526046
1998-08-01,24.662561639386954
1998-09-01,23.811572526439704
1998-10-01,21.89932221312705
1998-11-01,17.669032556676957
1998-12-01,11.9451320483858
1999-01-01,12.139968265919189
1999-02-01,10.578463922071531
1999-03-01,15.60122246228005
1999-04-01,15.603369293124816
1999-05-01,17.281657887721096
1999-06-01,23.475508789663248
1999-07-01,24.977985084139902
1999-08-01,24.05976505337043
1999-09-01,21.57733609776877
1999-10-01,18.662222671465827
1999-11-01,15.744171610349735
1999-12-01,14.557625041728748
2000-01-01,11.793211197838277
2000-02-01,14.311784240172315
2000-03-01,15.45173711231121
2000-04-01,16.633148677411825
2000-05-01,16.52458766573939
2000-06-01,23.15317211963722
2000-07-01,22.230540280437108
2000-08-01,21.657867852834226
2000-09-01,23.247196454222063
2000-10-01,17.57286338537598
2000-11-01,15.099482657687416
2000-12-01,12.83931920198415
2001-01-01,13.002928645220464
2001-02-01,14.685857077812855
2001-03-01,13.983224983509745
2001-04-01,17.488564451804262
2001-05-01,16.80873167520456
2001-06-01,21.525012710096462
2001-07-01,24.33181191732116
2001-08-01,23.19927351446998
2001-09-01,24.51288341296893
2001-10-01,22.695090538836176
2001-11-01,16.566046235360925
2001-12-01,13.995520659164056
2002-01-01,10.989634486769415
2002-02-01,12.038127808622459
2002-03-01,14.029189199537365
2002-04-01,16.013580836105874
2002-05-01,19.06114531786794
2002-06-01,20.451646521929437
2002-07-01,23.508907668726795
2002-08-01,24.57309880985781
2002-09-01,20.63131170959132
2002-10-01,17.561593950545245
2002-11-01,16.305627453872074
2002-12-01,14.115797644217828
2003-01-01,10.552205495147486
2003-02-01,13.518172046905145
2003-03-01,14.1223680705976
2003-04-01,16.37012619323166
2003-05-01,18.414608794422488
2003-06-01,22.35759151099666
2003-07-01,24.92069049522649
2003-08-01,22.77976491148212
2003-09-01,22.475560849113975
2003-10-01,20.804282656513532
2003-11-01,16.09518174217074
2003-12-01,14.74889351674856
2004-01-01,12.950688598469938
2004-02-01,11.88851863910831
2004-03-01,14.917396185003332
2004-04-01,16.796227255387375
2004-05-01,17.193350918076924
2004-06-01,20.986190777554327
2004-07-01,22.671421067990703
2004-08-01,22.189927017410294
2004-09-01,22.867546022276382
2004-10-01,20.549510150620115
2004-11-01,16.60075330099776
2004-12-01,11.010263578698343
2005-01-01,11.015920239249992
2005-02-01,12.481109026084441
2005-03-01,13.49793244850246
2005-04-01,14.585837914696056
2005-05-01,18.191338521635462
2005-06-01,19.81570917401605
2005-07-01,23.823718399988906
2005-08-01,23.309579816958667
2005-09-01,24.261578731948557
2005-10-01,21.18296565204525
2005-11-01,16.014541841175586
2005-12-01,14.28057295149879
2006-01-01,13.177598067165157
2006-02-01,16.121052887055992
2006-03-01,15.118068621087977
2006-04-01,14.89210800058362
2006-05-01,16.733220911455373
2006-06-01,19.957242526353784
2006-07-01,21.993816001512617
2006-08-01,26.435310870967736
2006-09-01,23.4420757196386
2006-10-01,19.029919747995887
2006-11-01,15.700913550450299
2006-12-01,13.822891401257921
2007-01-01,11.24174668176425
2007-02-01,11.990803395108607
2007-03-01,16.01647384746259
2007-04-01,14.866082143287352
2007-05-01,15.535303610389942
2007-06-01,22.832683398340357
2007-07-01,21.20988736776685
2007-08-01,23.06784719075074
2007-09-01,24.08474185281654
2007-10-01,19.228843466058656
2007-11-01,15.525362222957776
2007-12-01,12.647736081682236
2008-01-01,10.511059833893531
2008-02-01,10.757759763318594
2008-03-01,14.738478231498021
2008-04-01,16.535402442780835
2008-05-01,16.744219013454533
2008-06-01,22.83693970051085
2008-07-01,24.024364282421185
2008-08-01,24.895308790211573
2008-09-01,22.115892509128283
2008-10-01,20.3199080613979
2008-11-01,15.964405982804877
2008-12-01,13.054688229847917
2009-01-01,12.950239433192404
2009-02-01,15.923052688648164
2009-03-01,14.847737212274543
2009-04-01,16.395636887480286
2009-05-01,16.487335115420745
2009-06-01,19.364220659270263
2009-07-01,23.306999623415155
2009-08-01,24.438784222936924
2009-09-01,24.274020356908544
2009-10-01,20.033359950669926
2009-11-01,15.927664995680663
2009-12-01,14.451973770313819
2010-01-01,10.008298593548387
2010-02-01,13.852145766514985
2010-03-01,14.454033081066793
2010-04-01,16.447298429446647
2010-05-01,17.971625507600322
2010-06-01,20.231301987007203
2010-07-01,23.258112236586946
2010-08-01,23.783393896006128
2010-09-01,24.060967285824706
2010-10-01,21.03125556682795
2010-11-01,16.732094664352072
2010-12-01,11.080986979945683
2011-01-01,13.76415646823174
2011-02-01,13.929065190406577
2011-03-01,14.965729146204747
2011-04-01,15.944081807717495
2011-05-01,17.845296740813406
2011-06-01,20.12707515878775
2011-07-01,21.665378601797418
2011-08-01,22.35891045565633
2011-09-01,24.779640978821973
2011-10-01,20.559887712460867
2011-11-01,16.540485550854257
2011-12-01,13.928569121370082
2012-01-01,11.131973764758925
2012-02-01,13.245704558432651
2012-03-01,15.662636809604475
2012-04-01,15.77642534444465
2012-05-01,19.106025244387276
2012-06-01,22.192413563124013
2012-07-01,23.923810728204415
2012-08-01,23.806122431164898
2012-09-01,24.317225401444546
2012-10-01,20.378507894946637
2012-11-01,16.62803035395945
2012-12-01,14.288058134276135
2013-01-01,11.148091271787253
2013-02-01,12.023090434654252
2013-03-01,15.81024463142276
2013-04-01,18.708145672531373
2013-05-01,20.395479698898203
2013-06-01,20.442276934266783
2013-07-01,22.83755406802888
2013-08-01,21.48909444450333
2013-09-01,21.11950162855857
2013-10-01,18.31258286112206
2013-11-01,15.574790052273645
2013-12-01,12.23244353407863
2014-01-01,12.258895790600597
2014-02-01,13.430324318372335
2014-03-01,15.068081120237958
2014-04-01,16.122388465368978
2014-05-01,18.376817610983572
2014-06-01,18.12416149811577
2014-07-01,21.628149603263022
2014-08-01,23.904643189565483
2014-09-01,23.435182534795437
2014-10-01,22.028255971356963
2014-11-01,16.884156047974482
2014-12-01,15.311846821282302
2015-01-01,14.564775715194775
2015-02-01,11.616866648553763
2015-03-01,14.281010440345359
2015-04-01,15.544738449519066
2015-05-01,17.461487010397995
2015-06-01,21.142485684860908
2015-07-01,24.4252831156891
2015-08-01,23.126295909170217
2015-09-01,23.93703341131237
2015-10-01,21.53845915144486
2015-11-01,17.067464940869936
2015-12-01,14.922523759698404
2016-01-01,12.458174571789314
2016-02-01,12.562385964802983
2016-03-01,15.388591909939995
2016-04-01,16.423495031073607
2016-05-01,19.34113214855137
2016-06-01,22.06116244823582
2016-07-01,21.480749829981864
2016-08-01,23.678170325176275
2016-09-01,21.863902905038245
2016-10-01,22.035045172133216
2016-11-01,17.16293331192029
2016-12-01,14.900790042782125
2017-01-01,12.295878811826276
2017-02-01,15.148693579656072
2017-03-01,17.605802323989483
2017-04-01,16.28553355679624
2017-05-01,19.533325977189254
2017-06-01,21.234266043810802
2017-07-01,22.131867326843103
2017-08-01,23.69370082434298
2017-09-01,23.514658567543837
2017-10-01,19.548441926800695
2017-11-01,16.432515703567795
2017-12-01,15.902090094105377
2018-01-01,14.865797015456112
2018-02-01,13.746787462400432
2018-03-01,14.116193457644954
2018-04-01,15.15628357148449
2018-05-01,21.854000449160672
2018-06-01,21.364202086049502
2018-07-01,22.46922245469163
2018-08-01,24.883959879594748
2018-09-01,25.749715436658914
2018-10-01,22.029320593312338
2018-11-01,17.213450619338083
2018-12-01,15.52080630559956
2019-01-01,11.114883472700244
2019-02-01,14.468010397818638
2019-03-01,16.098303813194935
2019-04-01,18.26086015839719
2019-05-01,19.468280671175634
2019-06-01,20.359267971289505
2019-07-01,21.727910695784743
2019-08-01,22.698711812218175
2019-09-01,23.56168667306537
2019-10-01,20.90581724751652
2019-11-01,16.11661847810407
2019-12-01,13.929033995767446
2020-01-01,14.758688826417984
2020-02-01,16.351161666004735
2020-03-01,15.969201370067712
2020-04-01,15.792793570361852
2020-05-01,16.533993635237984
2020-06-01,19.95347418744755
2020-07-01,22.19283979570121
2020-08-01,25.25735606998151
2020-09-01,23.635552067867888
2020-10-01,21.843037201000527
2020-11-01,17.05234457467701
2020-12-01,14.452649877554029
2021-01-01,11.906148471821869
2021-02-01,12.820550814961564
2021-03-01,15.974494802801617
2021-04-01,17.32936550191904
2021-05-01,16.85059771698428
2021-06-01,20.714608819771293
2021-07-01,27.127672870967736
2021-08-01,23.81851508334141
2021-09-01,25.483515880693027
2021-10-01,22.14140191892881
2021-11-01,16.74672287019067
2021-12-01,13.200844350105719
2022-01-01,10.961599415928735
2022-02-01,14.862739693923945
2022-03-01,16.141164264363482
2022-04-01,18.217221306808465
2022-05-01,16.43918148358738
2022-06-01,19.400922702327914
2022-07-01,22.582013062717476
2022-08-01,25.84075705501406
2022-09-01,24.141534602915684
2022-10-01,20.135932958928734
2022-11-01,17.102748174508264
2022-12-01,12.431289672235394
2023-01-01,13.263627224918428
2023-02-01,14.858925539759603
2023-03-01,15.543121461813692
2023-04-01,17.954294470292634
2023-05-01,18.65157111694957
2023-06-01,20.171067932361115
2023-07-01,25.236652405726023
2023-08-01,25.111513226230567
2023-09-01,22.985140271413833
2023-10-01,22.434719468268995
2023-11-01,17.22684369071374
2023-12-01,13.159560936058535
2024-01-01,11.28463310556432
2024-02-01,14.243774098640046
2024-03-01,15.468723286674535
2024-04-01,15.367043439538065
2024-05-01,16.613733002254442
2024-06-01,21.735670585269432
2024-07-01,24.438460248922805
2024-08-01,25.161989089614735
2024-09-01,25.22969395589063
2024-10-01,22.40846487164724
2024-11-01,16.775791333796185
2024-12-01,13.0844674022876
2025-01-01,14.660201649387393
2025-02-01,13.084753233217166
2025-03-01,15.995595002338847
2025-04-01,16.406135469697727
2025-05-01,21.81732503848275
2025-06-01,20.826438479676636
2025-07-01,22.481466557940205
2025-08-01,23.786515297060323
2025-09-01,24.04714516791117
2025-10-01,22.607010047520866
2025-11-01,17.258605311957023
2025-12-01,15.53605215117895
2026-01-01,12.213069889667192
2026-02-01,15.018316337351177
2026-03-01,15.857751827467435
2026-04-01,17.295003690536
2026-05-01,20.042431565367355
2026-06-01,21.14682303163974
2026-07-01,24.35523891527272
2026-08-01,23.79271356330218
2026-09-01,23.21339922307796
2026-10-01,23.788193680286724
2026-11-01,16.597445754843054
2026-12-01,14.445493409750155
2027-01-01,14.747143495338102
2027-02-01,15.7573556767012
2027-03-01,15.98697809935623
2027-04-01,17.113367493845672
2027-05-01,21.58407968862636
2027-06-01,22.030327628182533
2027-07-01,24.689416379247227
2027-08-01,26.452448360556158
2027-09-01,23.1217124889855
2027-10-01,21.466478020681233
2027-11-01,17.37233801209496
2027-12-01,15.089519392933381
2028-01-01,13.00949897556714
2028-02-01,14.895911687318097
2028-03-01,15.867099403888703
2028-04-01,16.052319056261688
2028-05-01,19.868067567850094
2028-06-01,22.202765459640762
2028-07-01,24.33384548560128
2028-08-01,24.00033261668429
2028-09-01,24.978679223179537
2028-10-01,20.3455442075641
2028-11-01,16.42130488390653
2028-12-01,13.652362858606894
2029-01-01,10.273222593548388
2029-02-01,15.478194094098228
2029-03-01,16.586653440515988
2029-04-01,16.88717886347807
2029-05-01,21.63131628956243
2029-06-01,22.688884339858465
2029-07-01,24.616953405715705
2029-08-01,25.55841448094141
2029-09-01,22.8712180581499
2029-10-01,20.309783857675832
2029-11-01,16.51354262412506
2029-12-01,16.520941735302404
2030-01-01,12.389303182683907
2030-02-01,13.37781328264286
2030-03-01,15.180564714168598
2030-04-01,16.530510453668157
2030-05-01,16.723524011739865
2030-06-01,20.72984043959278
2030-07-01,25.941086145031456
2030-08-01,23.98451587928856
2030-09-01,27.144127870967736
2030-10-01,20.46520819978861
2030-11-01,17.0109940056852
2030-12-01,14.459277786413244
2031-01-01,14.942435675371414
2031-02-01,15.799152745284943
2031-03-01,16.823029155190646
2031-04-01,16.456588183105698
2031-05-01,19.17087200444262
2031-06-01,21.932225608590468
2031-07-01,24.071693611170282
2031-08-01,26.25018156735276
2031-09-01,25.0866854965962
2031-10-01,22.6275970900474
2031-11-01,16.82512311158316
2031-12-01,16.67383989897007
2032-01-01,14.812274109572718
2032-02-01,15.581240974034975
2032-03-01,16.402906927756526
2032-04-01,17.726084551719513
2032-05-01,19.185182165032785
2032-06-01,22.341858403421938
2032-07-01,23.02607840204027
2032-08-01,23.651497476469565
2032-09-01,25.394800774251067
2032-10-01,21.823459366238364
2032-11-01,17.69230964229219
2032-12-01,15.879526787235688
2033-01-01,13.018858542866905
2033-02-01,13.104286276000272
2033-03-01,17.658691732443266
2033-04-01,18.7417320978621
2033-05-01,18.25777027314193
2033-06-01,20.640374851586053
2033-07-01,23.715085252002464
2033-08-01,24.971965892635396
2033-09-01,26.446708081379285
2033-10-01,22.31588184927222
2033-11-01,16.869140825877125
2033-12-01,14.250179587273857
2034-01-01,11.60074463028058
2034-02-01,12.089187137629713
2034-03-01,14.343389493108019
2034-04-01,16.712195555555343
2034-05-01,19.40396017516451
2034-06-01,24.349322657520354
2034-07-01,26.402518024539383
2034-08-01,25.00099159092441
2034-09-01,22.436838201356
2034-10-01,21.86221002291982
2034-11-01,16.56348056660258
2034-12-01,16.21778835583642
2035-01-01,13.146065108187384
2035-02-01,15.532932526032212
2035-03-01,16.8241908178083
2035-04-01,17.88729622457754
2035-05-01,17.63345434243188
2035-06-01,22.298829270821663
2035-07-01,22.875995807564102
2035-08-01,23.578414978870157
2035-09-01,22.901654503463412
2035-10-01,23.330155547226955
2035-11-01,18.1030436431186
2035-12-01,13.495887775543977
2036-01-01,15.561811512312916
2036-02-01,14.974821601718062
2036-03-01,16.84861456935765
2036-04-01,18.316779077124156
2036-05-01,18.00414370129386
2036-06-01,20.860774640984555
2036-07-01,22.284063342147896
2036-08-01,24.863388858537554
2036-09-01,22.049148076650376
2036-10-01,21.95328075613823
2036-11-01,17.197066437367646
2036-12-01,14.301444941742462
2037-01-01,14.303155982654637
2037-02-01,13.2464182300481
2037-03-01,15.59135748631322
2037-04-01,16.928394308185332
2037-05-01,19.528943774057673
2037-06-01,21.61196988276118
2037-07-01,23.768422993826302
2037-08-01,24.651708104111396
2037-09-01,25.48493518461229
2037-10-01,20.958501377622767
2037-11-01,17.63321608057322
2037-12-01,13.38998804805438
2038-01-01,10.474075593548388
2038-02-01,11.124048770185455
2038-03-01,15.968670080912574
2038-04-01,17.415877547836587
2038-05-01,22.144317890164526
2038-06-01,21.329984076228627
2038-07-01,24.069469753440796
2038-08-01,22.64036277591231
2038-09-01,24.145431995200667
2038-10-01,19.66073047306793
2038-11-01,18.12704413297409
2038-12-01,13.559766619273045
2039-01-01,11.843086752293473
2039-02-01,14.456248930871412
2039-03-01,17.757897384277005
2039-04-01,16.997668923726383
2039-05-01,18.269553186155267
2039-06-01,22.73109035287996
2039-07-01,25.787171988768943
2039-08-01,25.667097286782376
2039-09-01,24.35821504040407
2039-10-01,20.90277821176786
2039-11-01,17.42996846647246
2039-12-01,12.15839740160979
2040-01-01,11.606212456195204
2040-02-01,15.506228688895808
2040-03-01,17.144752996730816
2040-04-01,20.732913558533106
2040-05-01,18.69394197736482
2040-06-01,22.74516942377185
2040-07-01,22.74652176961652
2040-08-01,24.82829449605078
2040-09-01,25.72297203130421
2040-10-01,22.404732359578343
2040-11-01,18.18275317118421
2040-12-01,15.364010851128167
2041-01-01,13.311770093793656
2041-02-01,15.661568981242889
2041-03-01,14.871895424516751
2041-04-01,18.78599466735528
2041-05-01,20.709149043074927
2041-06-01,22.092233419399275
2041-07-01,22.973776979742127
2041-08-01,24.673392688285187
2041-09-01,25.83143196508658
2041-10-01,22.508631188500726
2041-11-01,17.60916314022186
2041-12-01,14.755566977575782
2042-01-01,14.44448104199072
2042-02-01,16.76460866269688
2042-03-01,17.20935975235848
2042-04-01,15.914760151674743
2042-05-01,19.062020148638563
2042-06-01,21.693850611626026
2042-07-01,25.74796231171067
2042-08-01,27.373860134719127
2042-09-01,23.22827242896648
2042-10-01,21.37175918823792
2042-11-01,19.939286537103698
2042-12-01,16.02919512575106
2043-01-01,12.103201902589046
2043-02-01,11.458931934879372
2043-03-01,16.07658463531095
2043-04-01,18.310816232240306
2043-05-01,18.009213931195383
2043-06-01,23.18315939612102
2043-07-01,24.938199087532304
2043-08-01,23.127797504930946
2043-09-01,25.259265681815716
2043-10-01,21.699549037546223
2043-11-01,19.24782302449496
2043-12-01,15.407529688123612
2044-01-01,11.89775916197318
2044-02-01,13.728678526921843
2044-03-01,17.035532739491288
2044-04-01,18.028383373257057
2044-05-01,20.501972691144193
2044-06-01,21.840652377680307
2044-07-01,25.238022762530427
2044-08-01,24.00834075299774
2044-09-01,24.99730111621677
2044-10-01,23.664904381819834
2044-11-01,17.25289567292254
2044-12-01,15.26363260215063
2045-01-01,12.907413621456206
2045-02-01,12.843993828552488
2045-03-01,16.31454556556071
2045-04-01,17.95795319426513
2045-05-01,18.45213451345497
2045-06-01,23.740650292079177
2045-07-01,22.707081077573747
2045-08-01,25.86313469332994
2045-09-01,23.437821891029362
2045-10-01,22.95198374822526
2045-11-01,18.448099813634567
2045-12-01,15.67091905438765
2046-01-01,14.418856141304323
2046-02-01,12.989673130900702
2046-03-01,14.612141595061699
2046-04-01,17.913922113951294
2046-05-01,17.23366343845594
2046-06-01,23.41163949645601
2046-07-01,23.88219789170369
2046-08-01,26.0999071717995
2046-09-01,25.06324253011236
2046-10-01,21.003649503303624
2046-11-01,17.350060255388648
2046-12-01,14.495549103735776
2047-01-01,11.503840027616675
2047-02-01,16.52676603830596
2047-03-01,14.897694048631667
2047-04-01,18.061959568368646
2047-05-01,19.2506555766124
2047-06-01,23.097157073577826
2047-07-01,25.699387956874105
2047-08-01,24.489884791341066
2047-09-01,22.769827624629023
2047-10-01,19.81823440114919
2047-11-01,17.426249943888457
2047-12-01,15.747771729179474
2048-01-01,14.244035523065945
2048-02-01,15.66824466195283
2048-03-01,15.86679557956374
2048-04-01,18.42029415976951
2048-05-01,21.282722261550322
2048-06-01,22.48379084848978
2048-07-01,24.36551114527111
2048-08-01,25.152428771951673
2048-09-01,25.59153125518702
2048-10-01,22.543232511326867
2048-11-01,18.405402375917156
2048-12-01,14.738990645153645
2049-01-01,14.944712826266011
2049-02-01,13.986188456872181
2049-03-01,17.770564039188162
2049-04-01,18.09047342535969
2049-05-01,20.70685183530031
2049-06-01,21.72831215082157
2049-07-01,30.027084870967737
2049-08-01,25.758456581215327
2049-09-01,23.649835671628434
2049-10-01,21.078029109023273
2049-11-01,18.013115947144186
2049-12-01,15.126233993196061
2050-01-01,11.868688189048143
2050-02-01,12.267059261402121
2050-03-01,16.647651327157448
2050-04-01,18.472672679459915
2050-05-01,19.95345056286006
2050-06-01,23.20802915236067
2050-07-01,25.25775633936573
2050-08-01,25.68516420351063
2050-09-01,23.550385799801585
2050-10-01,20.991420835929734
2050-11-01,18.320608744955873
2050-12-01,12.01432018459092
2051-01-01,12.150779255559689
2051-02-01,15.311347885293516
2051-03-01,18.23052058741081
2051-04-01,17.7646053474309
2051-05-01,23.32513544056251
2051-06-01,22.94438666586419
2051-07-01,24.416168192422468
2051-08-01,25.30758557344409
2051-09-01,23.944410664408437
2051-10-01,23.268641074185332
2051-11-01,18.82188219111839
2051-12-01,16.737067382354482
2052-01-01,13.282545767372364
2052-02-01,16.095066400804686
2052-03-01,14.494608694519949
2052-04-01,18.259839827940112
2052-05-01,21.402699819679544
2052-06-01,26.03012655072638
2052-07-01,25.66224523774424
2052-08-01,24.81251180073993
2052-09-01,26.71158431061574
2052-10-01,21.994235382902303
2052-11-01,18.59123399052914
2052-12-01,17.0106826645167
2053-01-01,16.286491225220253
2053-02-01,13.925055328465188
2053-03-01,16.936837146193408
2053-04-01,17.686945081569913
2053-05-01,22.78810014772756
2053-06-01,25.299034294369676
2053-07-01,25.6705032456403
2053-08-01,25.14217818091206
2053-09-01,25.48279857336687
2053-10-01,22.53383604681507
2053-11-01,18.89367634524093
2053-12-01,15.479500884671532
2054-01-01,11.361593593548388
2054-02-01,15.061323434942194
2054-03-01,16.24118409388071
2054-04-01,19.314365864040635
2054-05-01,19.320268575223324
2054-06-01,22.74412589424193
2054-07-01,24.04947836303931
2054-08-01,25.1248592866027
2054-09-01,24.03800456359272
2054-10-01,22.172394459587903
2054-11-01,19.876600921586412
2054-12-01,15.025332845579776
2055-01-01,11.79061888341641
2055-02-01,16.17282607613255
2055-03-01,18.931578128322666
2055-04-01,18.473990905514178
2055-05-01,19.0663640740332
2055-06-01,23.112293291390863
2055-07-01,23.89504866240557
2055-08-01,24.514270546283164
2055-09-01,25.846677454895307
2055-10-01,21.47040860638811
2055-11-01,18.693010458515467
2055-12-01,15.36484401645763
2056-01-01,14.083632470881003
2056-02-01,17.86473471281029
2056-03-01,16.740624669175176
2056-04-01,19.16748499568202
2056-05-01,19.522729077866366
2056-06-01,23.90943659796256
2056-07-01,25.769495952362504
2056-08-01,25.56154602766136
2056-09-01,24.085987795307208
2056-10-01,20.73074699483022
2056-11-01,16.894236963902053
2056-12-01,15.81909072399935
2057-01-01,13.627586683827133
2057-02-01,12.628775352476278
2057-03-01,18.04749454641447
2057-04-01,17.976672790057986
2057-05-01,17.953503267974313
2057-06-01,22.813224248019566
2057-07-01,23.90620737319007
2057-08-01,26.146233967632252
2057-09-01,27.16039126009357
2057-10-01,25.56196850897236
2057-11-01,19.176502978143866
2057-12-01,17.049985319191574
2058-01-01,15.468254168151235
2058-02-01,12.337974971957705
2058-03-01,16.57512216725285
2058-04-01,19.358773123073785
2058-05-01,21.8728790850604
2058-06-01,23.273681845847587
2058-07-01,25.813777630773842
2058-08-01,26.283990264238653
2058-09-01,28.850971003452837
2058-10-01,26.13302152957072
2058-11-01,18.806800138025928
2058-12-01,17.997048364100202
2059-01-01,14.411853638021698
2059-02-01,12.793741077362988
2059-03-01,18.447235444739242
2059-04-01,18.44639782135895
2059-05-01,19.425794188011
2059-06-01,24.13547649976641
2059-07-01,25.4989217948647
2059-08-01,24.543028140530513
2059-09-01,24.108265252790755
2059-10-01,21.97853211630683
2059-11-01,19.15194619565641
2059-12-01,14.5820654141479
2060-01-01,14.090591130345992
2060-02-01,18.020167470749858
2060-03-01,18.166710835201727
2060-04-01,17.441301716793784
2060-05-01,19.70584886871915
2060-06-01,23.598866412384638
2060-07-01,27.174903644947612
2060-08-01,26.10526734909396
2060-09-01,23.252570234233875
2060-10-01,22.031429637660775
2060-11-01,19.05343226838467
2060-12-01,14.30430563024607
2061-01-01,12.42258117159572
2061-02-01,14.022995573830292
2061-03-01,17.30954722662674
2061-04-01,17.299507816169193
2061-05-01,19.341491153290637
2061-06-01,21.924240867571065
2061-07-01,24.379312731385628
2061-08-01,26.67444026074547
2061-09-01,25.984170230730566
2061-10-01,23.0364081418749
2061-11-01,18.381246977436298
2061-12-01,17.365652780482264
2062-01-01,15.377405753087706
2062-02-01,13.301565115237869
2062-03-01,16.965205929756948
2062-04-01,18.524663833917906
2062-05-01,22.119821021485336
2062-06-01,22.030040984105675
2062-07-01,27.298472273741712
2062-08-01,26.239279734693643
2062-09-01,24.128045487584966
2062-10-01,22.039964059182257
2062-11-01,19.01887324767112
2062-12-01,16.178654825051293
2063-01-01,16.053265037171332
2063-02-01,17.994160647733473
2063-03-01,16.848060374284927
2063-04-01,18.095675131663246
2063-05-01,23.312430590150043
2063-06-01,22.806364600819396
2063-07-01,27.181502266858438
2063-08-01,29.803702319298033
2063-09-01,28.728279633470265
2063-10-01,22.93732786114202
2063-11-01,20.073672849954995
2063-12-01,16.379786377862224
2064-01-01,16.139895870799474
2064-02-01,17.46165005275347
2064-03-01,17.949164193482016
2064-04-01,19.30780314674684
2064-05-01,22.93908969310119
2064-06-01,21.964965399764218
2064-07-01,23.495955248930116
2064-08-01,27.90404929696802
2064-09-01,27.374346418809587
2064-10-01,23.607410216907418
2064-11-01,19.31977281605441
2064-12-01,16.987999468834175
2065-01-01,14.413701114095254
2065-02-01,13.076261811588767
2065-03-01,17.23783035008764
2065-04-01,18.233731702542094
2065-05-01,19.834349043491166
2065-06-01,23.156715931709826
2065-07-01,25.952755995282313
2065-08-01,27.22681907261575
2065-09-01,25.524081717357127
2065-10-01,24.18449154284459
2065-11-01,19.157199321517908
2065-12-01,14.535402339181395
2066-01-01,12.070060593548389
2066-02-01,14.526828557682926
2066-03-01,16.9067231692335
2066-04-01,18.662584029101563
2066-05-01,22.922612488648927
2066-06-01,23.329813050980807
2066-07-01,26.244713407979724
2066-08-01,24.780154753577623
2066-09-01,24.777649381772743
2066-10-01,21.048277971505744
2066-11-01,17.897338349992356
2066-12-01,14.641876464955534
2067-01-01,16.21226792126545
2067-02-01,17.425486195186647
2067-03-01,17.67026493829045
2067-04-01,19.31606443077452
2067-05-01,19.288533906613228
2067-06-01,26.034209154561662
2067-07-01,24.97344176179636
2067-08-01,29.873779668642992
2067-09-01,25.94241048370031
2067-10-01,24.364525790086685
2067-11-01,20.480270791127907
2067-12-01,16.81407656169295
2068-01-01,13.20321878732159
2068-02-01,17.38225923232222
2068-03-01,17.715965826360986
2068-04-01,17.96917258110305
2068-05-01,22.49252391397781
2068-06-01,24.75760681634756
2068-07-01,30.982044870967734
2068-08-01,26.556491728969114
2068-09-01,27.249546851872324
2068-10-01,21.397695520893794
2068-11-01,19.753830130260763
2068-12-01,17.510853350402087
2069-01-01,13.82113826985255
2069-02-01,13.4838253703731
2069-03-01,15.560116769937377
2069-04-01,18.114842100113272
2069-05-01,21.734582734226077
2069-06-01,24.145390251800094
2069-07-01,25.45888343556174
2069-08-01,27.975983153964727
2069-09-01,25.80658311087375
2069-10-01,23.57866305738898
2069-11-01,18.415943199032633
2069-12-01,15.43605642398144
2070-01-01,14.477092147660837
2070-02-01,14.483873006605501
2070-03-01,17.22137300674609
2070-04-01,17.4927997296279
2070-05-01,19.620123391235754
2070-06-01,24.36308146779426
2070-07-01,24.8719712523841
2070-08-01,26.59244868397184
2070-09-01,24.852207728182414
2070-10-01,22.40638661386097
2070-11-01,18.91626482528527
2070-12-01,16.26085624043734
2071-01-01,12.358335815956126
2071-02-01,15.35566549893494
2071-03-01,16.666857859274945
2071-04-01,18.179057065945564
2071-05-01,21.12699375417029
2071-06-01,23.74927693315997
2071-07-01,25.415764564652058
2071-08-01,28.772213156547593
2071-09-01,26.427322111952495
2071-10-01,23.59331175369632
2071-11-01,19.513154964895108
2071-12-01,17.897948555894946
2072-01-01,16.821476994153855
2072-02-01,14.54951342368872
2072-03-01,14.811658686623446
2072-04-01,17.912200093469096
2072-05-01,19.875195109792767
2072-06-01,24.45942535714838
2072-07-01,26.30404048226109
2072-08-01,26.32292391166525
2072-09-01,26.16199099274781
2072-10-01,22.848439559353004
2072-11-01,18.413395898439965
2072-12-01,14.942658999029508
2073-01-01,13.457195100734323
2073-02-01,15.432067279484516
2073-03-01,17.685249361522946
2073-04-01,20.42269837138572
2073-05-01,20.36601800752673
2073-06-01,23.64555243143414
2073-07-01,25.554640959195513
2073-08-01,26.285108611250536
2073-09-01,27.492349129543022
2073-10-01,23.87183383418633
2073-11-01,19.64952274751072
2073-12-01,16.916884683268556
2074-01-01,13.740227786707562
2074-02-01,16.960035984522953
2074-03-01,18.2110239717528
2074-04-01,20.462124491569764
2074-05-01,21.41031309294815
2074-06-01,26.544035519946352
2074-07-01,24.0147012028558
2074-08-01,26.478292872525888
2074-09-01,24.929048695570078
2074-10-01,24.549675206480153
2074-11-01,18.769292484078612
2074-12-01,15.838009052528548
2075-01-01,15.482652022088995
2075-02-01,14.373053455458328
2075-03-01,17.340561579672304
2075-04-01,19.367570181493214
2075-05-01,22.605276986047215
2075-06-01,24.127312990927383
2075-07-01,26.719119756123995
2075-08-01,26.568689039378516
2075-09-01,27.151107996571866
2075-10-01,23.18994691394707
2075-11-01,19.14105267825535
2075-12-01,16.658728824943644
2076-01-01,14.601772382369367
2076-02-01,14.732465755062247
2076-03-01,18.261958675575784
2076-04-01,19.997288231299898
2076-05-01,21.77942671910826
2076-06-01,23.91185082983176
2076-07-01,27.62807553489875
2076-08-01,25.747822954438135
2076-09-01,26.466398952995455
2076-10-01,23.442330306112314
2076-11-01,18.866576976117127
2076-12-01,15.502864951345474
2077-01-01,12.717034948251815
2077-02-01,16.01180943758237
2077-03-01,17.55966500599599
2077-04-01,18.848982663185932
2077-05-01,24.883507365206246
2077-06-01,24.514206315054356
2077-07-01,25.91111265562258
2077-08-01,26.6766964851684
2077-09-01,23.101984508312935
2077-10-01,22.95734368623327
2077-11-01,19.03907281050042
2077-12-01,15.327534926047555
2078-01-01,12.237867593548389
2078-02-01,17.636874924489025
2078-03-01,18.24533865705003
2078-04-01,19.90333369151388
2078-05-01,20.100105204664835
2078-06-01,22.959595347164278
2078-07-01,27.128915903673178
2078-08-01,26.55704021703777
2078-09-01,27.831948031986716
2078-10-01,23.210255207256605
2078-11-01,17.773356863650797
2078-12-01,15.248868824614247
2079-01-01,17.062405023198693
2079-02-01,17.012308676512035
2079-03-01,16.6777210995967
2079-04-01,19.92788928601737
2079-05-01,22.592057474187488
2079-06-01,23.415820103141527
2079-07-01,24.94937646120567
2079-08-01,25.894890682763165
2079-09-01,25.914327394088183
2079-10-01,25.28529922312067
2079-11-01,19.038399287399457
2079-12-01,17.4667762756564
2080-01-01,15.020585232687685
2080-02-01,16.423946706394958
2080-03-01,18.425512037609927
2080-04-01,18.453551818405142
2080-05-01,21.021880824848004
2080-06-01,25.15389865190382
2080-07-01,26.87403104768666
2080-08-01,27.150167192242666
2080-09-01,26.597011613634645
2080-10-01,22.47418930727396
2080-11-01,20.035019019529845
2080-12-01,15.298657444222862
2081-01-01,13.979936273735866
2081-02-01,16.570538547775357
2081-03-01,17.710439862417598
2081-04-01,20.35000681120724
2081-05-01,21.735750552335624
2081-06-01,26.791741638766325
2081-07-01,27.00699287851456
2081-08-01,26.61021192605159
2081-09-01,25.54266055600921
2081-10-01,24.758554910298145
2081-11-01,20.137344374558655
2081-12-01,14.78773514717144
2082-01-01,17.58513042278458
2082-02-01,15.70655349293593
2082-03-01,17.184422026562537
2082-04-01,19.90892987818378
2082-05-01,21.69945168723201
2082-06-01,24.51577792363814
2082-07-01,26.629997157667727
2082-08-01,25.720435560906267
2082-09-01,25.51180841504504
2082-10-01,24.068684507207596
2082-11-01,19.051045638277806
2082-12-01,14.148891634465475
2083-01-01,13.740808276753173
2083-02-01,15.087320658360982
2083-03-01,17.63045118682969
2083-04-01,19.16720025389113
2083-05-01,23.133475132982785
2083-06-01,26.93734599532228
2083-07-01,27.4714054137622
2083-08-01,27.17873092092263
2083-09-01,24.70081804073792
2083-10-01,24.27127302347939
2083-11-01,19.121546484975816
2083-12-01,17.98252571951076
2084-01-01,16.194681797715674
2084-02-01,14.00060596989636
2084-03-01,17.211446465435436
2084-04-01,18.68733411120745
2084-05-01,20.695176437371607
2084-06-01,23.088492399853276
2084-07-01,27.446881954426885
2084-08-01,27.413919408469138
2084-09-01,26.434942746285326
2084-10-01,23.081891487025292
2084-11-01,18.63044570133876
2084-12-01,17.39840878074245
2085-01-01,13.805665138200338
2085-02-01,16.74310498246204
2085-03-01,18.000420888520384
2085-04-01,19.379758180027157
2085-05-01,20.67126328977072
2085-06-01,24.21903036115904
2085-07-01,25.91485704027309
2085-08-01,25.51239261075531
2085-09-01,24.174097262616016
2085-10-01,25.759746599488903
2085-11-01,20.057114939152523
2085-12-01,15.321482554210325
2086-01-01,12.711515593548388
2086-02-01,14.393359319779913
2086-03-01,17.594959446687085
2086-04-01,19.807883633927265
2086-05-01,20.830745929601758
2086-06-01,23.743701292400647
2086-07-01,27.570327374756157
2086-08-01,26.07671065762025
2086-09-01,27.189138109411743
2086-10-01,24.270045073973314
2086-11-01,18.970594332353226
2086-12-01,15.754659006419901
2087-01-01,15.469855104872403
2087-02-01,17.586859998884087
2087-03-01,19.654427796939025
2087-04-01,22.596988641820516
2087-05-01,23.268258931805786
2087-06-01,25.89313453615288
2087-07-01,27.217368762042177
2087-08-01,26.996465835023166
2087-09-01,27.858351622397795
2087-10-01,24.44428985821045
2087-11-01,19.64475280131983
2087-12-01,17.053969428377208
2088-01-01,14.269020150040074
2088-02-01,18.597320308371682
2088-03-01,17.908889502869137
2088-04-01,19.109963574710026
2088-05-01,23.605479285793052
2088-06-01,23.609722854767597
2088-07-01,25.86881703810905
2088-08-01,25.901818199538653
2088-09-01,27.658852541521977
2088-10-01,24.748835191823215
2088-11-01,20.968290843919814
2088-12-01,15.628220531735975
2089-01-01,15.795697424554419
2089-02-01,19.141118162936994
2089-03-01,17.933374688300127
2089-04-01,19.258136707531136
2089-05-01,19.65232414313251
2089-06-01,21.854877419797113
2089-07-01,26.200279715904756
2089-08-01,27.33918931170976
2089-09-01,26.70281188354223
2089-10-01,24.500528615323454
2089-11-01,20.789092475813135
2089-12-01,18.13228345308479
2090-01-01,15.465340496846425
2090-02-01,15.481440918010568
2090-03-01,18.471939071547965
2090-04-01,19.92583380028921
2090-05-01,23.38660507677198
2090-06-01,29.13629544197352
2090-07-01,33.65913487096773
2090-08-01,28.52122396769562
2090-09-01,27.692614085753785
2090-10-01,24.521299396184084
2090-11-01,20.880879616245487
2090-12-01,17.523735233754564
2091-01-01,17.116605002356003
2091-02-01,15.699017536077092
2091-03-01,19.24271021144733
2091-04-01,21.151991660699913
2091-05-01,25.149911372111728
2091-06-01,24.02309433222574
2091-07-01,26.901525345684327
2091-08-01,26.112993860741938
2091-09-01,27.645523483796246
2091-10-01,25.94440821778255
2091-11-01,20.453187665015562
2091-12-01,17.471793364301387
2092-01-01,14.737974305677765
2092-02-01,16.452333224304788
2092-03-01,18.611589228902524
2092-04-01,24.050188419594807
2092-05-01,23.589550180125702
2092-06-01,24.60708717330192
2092-07-01,27.466318110559854
2092-08-01,27.136010522060896
2092-09-01,27.708995385861684
2092-10-01,24.60430481813807
2092-11-01,20.919284289426198
2092-12-01,18.81990786235659
2093-01-01,16.744871295420495
2093-02-01,17.54034246833383
2093-03-01,15.533253454164806
2093-04-01,22.22016720854775
2093-05-01,21.144682896276844
2093-06-01,25.704980856940995
2093-07-01,28.313108246817016
2093-08-01,27.799173946301426
2093-09-01,29.529246653400467
2093-10-01,27.698679895240446
2093-11-01,21.337250610440158
2093-12-01,17.30966317959718
2094-01-01,15.557223270660462
2094-02-01,18.206750360950792
2094-03-01,21.117155985949342
2094-04-01,21.264336782746028
2094-05-01,24.332577777438768
2094-06-01,25.965525454470125
2094-07-01,26.629234133570254
2094-08-01,27.72787686878022
2094-09-01,27.762376945890814
2094-10-01,25.664225253848482
2094-11-01,21.27638232264646
2094-12-01,16.73416370284513
2095-01-01,15.021970928201927
2095-02-01,15.686067450395488
2095-03-01,19.758220655629447
2095-04-01,19.85293076069782
2095-05-01,23.269974482862548
2095-06-01,26.797913516638555
2095-07-01,25.608407374006195
2095-08-01,28.016238432464107
2095-09-01,28.079603605246785
2095-10-01,25.19839696528475
2095-11-01,20.843384335343003
2095-12-01,16.648649069413807
2096-01-01,15.781967598160247
2096-02-01,18.631652654069736
2096-03-01,18.515024243580257
2096-04-01,20.373194596416614
2096-05-01,21.211936080427645
2096-06-01,22.15260791191819
2096-07-01,28.057627306245696
2096-08-01,27.39419826462674
2096-09-01,27.277515351108637
2096-10-01,24.88240455814526
2096-11-01,20.11258440889045
2096-12-01,16.740410004650933
2097-01-01,14.334014020894111
2097-02-01,14.366615509945037
2097-03-01,19.63926000913537
2097-04-01,20.0370129782061
2097-05-01,24.981149627910394
2097-06-01,24.982733000170278
2097-07-01,26.50711592130415
2097-08-01,27.930563433864727
2097-09-01,28.164221647530105
2097-10-01,25.351481801589557
2097-11-01,21.030268158863304
2097-12-01,18.107329094271243
2098-01-01,14.302694823006254
2098-02-01,18.17865612273803
2098-03-01,18.944749244597105
2098-04-01,21.000570999046396
2098-05-01,22.49582201961132
2098-06-01,25.487404793627775
2098-07-01,27.705578040211456
2098-08-01,28.461774008356507
2098-09-01,28.79877184447365
2098-10-01,26.44500004568588
2098-11-01,21.03181125401135
2098-12-01,18.892500321696755
2099-01-01,16.609361691342944
2099-02-01,15.645214347991697
2099-03-01,17.445030842466956
2099-04-01,19.026613388304803
2099-05-01,20.729038958969486
2099-06-01,25.607507166717735
2099-07-01,25.72281954548905
2099-08-01,28.349257861993806
2099-09-01,26.421437316499016
2099-10-01,24.51087959822186
2099-11-01,21.035932556562535
2099-12-01,18.205626560350375
2100-01-01,15.083206272179511
2100-02-01,18.121610659050887
2100-03-01,19.278761900325392
2100-04-01,20.32667512529567
2100-05-01,21.037761191255633
2100-06-01,27.03953531864326
2100-07-01,28.27342637066178
2100-08-01,27.92654584806383
2100-09-01,27.00731963055919
2100-10-01,24.020968084949857
2100-11-01,19.75590449060857
2100-12-01,18.187297300794448
