Variable,hsim
Experiment,rcp45
Zone,Q12
Code,MPI-M-MPI-ESM-LR_r1i1p1_SMHI-RCA4_v1
1960-09-01,0
1960-10-01,8.16897606176791
1960-11-01,2.0039026819864763
1960-12-01,2.9131789344293892
1961-01-01,42.82229401696184
1961-02-01,31.950230904462224
1961-03-01,32.89548369324691
1961-04-01,21.70142515662727
1961-05-01,6.251529415198218
1961-06-01,2.3755811777753233
1961-07-01,0.9027208475546227
1961-08-01,0.3430339220707566
1961-09-01,0.13035289038688752
1961-10-01,0.049534098347017254
1961-11-01,66.35759884938872
1961-12-01,88.45028025216335
1962-01-01,26.734013303072484
1962-02-01,10.158925055167545
1962-03-01,6.53227273053832
1962-04-01,1.4669487779661934
1962-05-01,0.5574405356271535
1962-06-01,0.2118274035383183
1962-07-01,0.08049441334456095
1962-08-01,0.03058787707093316
1962-09-01,0.011623393286954602
1962-10-01,0.8159637196273454
1962-11-01,2.3220455197045364
1962-12-01,0.000637798836441773
1963-01-01,1.1016692333773017
1963-02-01,5.317700570035827
1963-03-01,3.499729775323297e-05
1963-04-01,1.329897314622853e-05
1963-05-01,5.053609795566841e-06
1963-06-01,1.9203717223154e-06
1963-07-01,7.297412544798519e-07
1963-08-01,2.7730167670234375e-07
1963-09-01,1.0537463714689064e-07
1963-10-01,58.14749154544816
1963-11-01,82.71728808556918
1963-12-01,71.99326159947347
1964-01-01,22.873702655787017
1964-02-01,8.920691279912763
1964-03-01,3.269375454028399
1964-04-01,1.2423626725307917
1964-05-01,0.4720978155617007
1964-06-01,0.17939716991344629
1964-07-01,0.0681709245671096
1964-08-01,0.025904951335501646
1964-09-01,0.009843881507490628
1964-10-01,5.272667302343861
1964-11-01,0.0014214564896816466
1964-12-01,32.626510456393305
1965-01-01,6.764878407750512
1965-02-01,3.3916464521972953
1965-03-01,1.2935806180412464
1965-04-01,0.37120240799008614
1965-05-01,0.14105691503623274
1965-06-01,1.281688092861286
1965-07-01,0.02036861853123201
1965-08-01,0.007740075041868164
1965-09-01,0.002941228515909903
1965-10-01,0.8119865323325434
1965-11-01,3.100655005703209
1965-12-01,0.0001613910911250082
1966-01-01,5.095629704170049
1966-02-01,88.17924615343907
1966-03-01,25.773383549858078
1966-04-01,9.350104497938183
1966-05-01,3.553039709216509
1966-06-01,1.3501550895022736
1966-07-01,0.5130589340108639
1966-08-01,0.1949623949241283
1966-09-01,6.070033987423758
1966-10-01,0.02815256982704413
1966-11-01,6.575448058203689
1966-12-01,3.2073520842123964
1967-01-01,55.626710818853965
1967-02-01,15.086930002998452
1967-03-01,5.733033401139412
1967-04-01,36.54080890827279
1967-05-01,8.951944661691327
1967-06-01,2.9790972304433465
1967-07-01,1.1320569475684714
1967-08-01,0.4301816400760193
1967-09-01,0.1634690232288873
1967-10-01,0.06211822882697718
1967-11-01,29.031328693062473
1967-12-01,22.558647525445807
1968-01-01,6.3346328018165385
1968-02-01,2.407160464690284
1968-03-01,0.9147209765823081
1968-04-01,0.6851455231367487
1968-05-01,0.1320857090184853
1968-06-01,0.0501925694270244
1968-07-01,0.01907317638226927
1968-08-01,0.007247807025262323
1968-09-01,0.002754166669599683
1968-10-01,0.34701421222809464
1968-11-01,2.1105194117503974
1968-12-01,7.161734683663554
1969-01-01,5.742812072782404e-05
1969-02-01,34.40126594664631
1969-03-01,7.734360032847259
1969-04-01,2.939056812481958
1969-05-01,1.1168415887431442
1969-06-01,0.4243998037223947
1969-07-01,0.16127192541450996
1969-08-01,0.0612833316575138
1969-09-01,0.023287666029855242
1969-10-01,0.008849313091344993
1969-11-01,11.526088456784793
1969-12-01,37.92684220043759
1970-01-01,27.403525226231597
1970-02-01,8.435819835783185
1970-03-01,14.289666008102076
1970-04-01,50.144200586001496
1970-05-01,13.918098805123943
1970-06-01,5.2888775459470985
1970-07-01,2.0097734674598975
1970-08-01,0.7637139176347609
1970-09-01,5.442009838525573
1970-10-01,3.523011528542118
1970-11-01,58.294179568421775
1970-12-01,54.29317391502141
1971-01-01,43.45135784854956
1971-02-01,33.05045665855881
1971-03-01,10.819138388129568
1971-04-01,3.9947029832111007
1971-05-01,1.5179871336202184
1971-06-01,2.774175633528818
1971-07-01,0.21919734209475955
1971-08-01,0.08329498999600864
1971-09-01,0.031652096198483276
1971-10-01,0.012027796555423648
1971-11-01,7.594378434981619
1971-12-01,0.31868304613398996
1972-01-01,0.8145586310584368
1972-02-01,39.31239562176874
1972-03-01,51.33231877684703
1972-04-01,36.589423007637336
1972-05-01,11.1741586442935
1972-06-01,4.24618028483153
1972-07-01,1.613548508235981
1972-08-01,0.6131484331296727
1972-09-01,0.23299640458927565
1972-10-01,0.08853863374392475
1972-11-01,0.03364468082269141
1972-12-01,4.412702090223413
1973-01-01,0.004858291910796639
1973-02-01,0.0018461509261027227
1973-03-01,0.0007015373519190347
1973-04-01,4.645662578344723
1973-05-01,0.0001013019936171086
1973-06-01,3.8494757574501274e-05
1973-07-01,1.4628007878310485e-05
1973-08-01,5.558642993757984e-06
1973-09-01,2.1122843376280338e-06
1973-10-01,2.3089362548757633
1973-11-01,5.691742097596806
1973-12-01,2.114402977399082
1974-01-01,4.4044001146243684e-08
1974-02-01,1.6736720435572598e-08
1974-03-01,6.359953765517588e-09
1974-04-01,2.4167824308966835e-09
1974-05-01,9.183773237407396e-10
1974-06-01,3.489833830214811e-10
1974-07-01,1.3261368554816282e-10
1974-08-01,5.0393200508301865e-11
1974-09-01,1.9149416193154704e-11
1974-10-01,5.4066667378146915
1974-11-01,2.7651756982915397e-12
1974-12-01,3.1164027024119196
1975-01-01,5.43949665377394
1975-02-01,2.0341619149490655
1975-03-01,2.2654929664447225
1975-04-01,2.190991610036475e-14
1975-05-01,8.325768118138606e-15
1975-06-01,3.1637918848926705e-15
1975-07-01,1.2022409162592149e-15
1975-08-01,4.568515481785016e-16
1975-09-01,1.7360358830783061e-16
1975-10-01,6.596936355697563e-17
1975-11-01,3.123816975197328
1975-12-01,1.1682101498505626
1976-01-01,9.85666018033451
1976-02-01,0.9325825230330667
1976-03-01,0.3543813587525654
1976-04-01,0.13466491632597483
1976-05-01,3.1552144655464938
1976-06-01,0.019445613917470763
1976-07-01,0.0073893332886388885
1976-08-01,0.0028079466496827776
1976-09-01,0.0010670197268794555
1976-10-01,4.64178817584881
1976-11-01,68.44643429470648
1976-12-01,19.288910889467637
1977-01-01,6.5244558026064325
1977-02-01,12.929622054996074
1977-03-01,2.398054797372961
1977-04-01,0.9112608230017251
1977-05-01,0.34627911274065554
1977-06-01,0.1315860628414491
1977-07-01,0.050002703879750664
1977-08-01,0.019001027474305255
1977-09-01,0.007220390440235996
1977-10-01,0.0027437483672896786
1977-11-01,0.0010426243795700777
1977-12-01,29.317117544084283
1978-01-01,5.5400780484902
1978-02-01,4.110087280496133
1978-03-01,0.7999872702019848
1978-04-01,0.3039951626767542
1978-05-01,0.1155181618171666
1978-06-01,0.04389690149052332
1978-07-01,0.016680822566398856
1978-08-01,0.006338712575231567
1978-09-01,0.0024087107785879954
1978-10-01,5.89689968856909
1978-11-01,7.653992564280927
1978-12-01,2.9543553838932635
1979-01-01,0.24511443251851842
1979-02-01,0.9191685582728956
1979-03-01,9.433004359848068
1979-04-01,4.312422706481199
1979-05-01,0.32159155336295686
1979-06-01,0.12220479027792361
1979-07-01,0.04643782030561097
1979-08-01,0.01764637171613217
1979-09-01,3.0414284472036726
1979-10-01,0.0025481360758094853
1979-11-01,7.202785563204446
1979-12-01,11.701088198584555
1980-01-01,1.820753290913529
1980-02-01,1.532431783005363
1980-03-01,0.26291677520791357
1980-04-01,0.09990837457900717
1980-05-01,0.037965182340022725
1980-06-01,0.014426769289208639
1980-07-01,0.005482172329899282
1980-08-01,0.002083225485361727
1980-09-01,0.0007916256844374565
1980-10-01,2.207605938102307
1980-11-01,64.41835793737742
1980-12-01,26.46617894138004
1981-01-01,8.314245255177967
1981-02-01,3.1594131969676273
1981-03-01,1.2005770148476984
1981-04-01,0.45621926564212545
1981-05-01,4.6421343553336065
1981-06-01,0.06587806195872292
1981-07-01,0.025033663544314706
1981-08-01,0.00951279214683959
1981-09-01,0.003614861015799044
1981-10-01,0.0013736471860036367
1981-11-01,24.85430427819327
1981-12-01,4.722754956710457
1982-01-01,4.76052769472636
1982-02-01,0.6321046127450182
1982-03-01,2.498080998116177
1982-04-01,5.539545076878179
1982-05-01,2.3678023593459865
1982-06-01,0.013180240838006967
1982-07-01,0.005008491518442647
1982-08-01,0.0019032267770082057
1982-09-01,0.26282617139838754
1982-10-01,6.528448460646625
1982-11-01,7.849004359598497
1982-12-01,41.87465135482753
1983-01-01,20.254396521986926
1983-02-01,6.485180443919959
1983-03-01,2.464368568689584
1983-04-01,1.750437232823748
1983-05-01,0.35585482131877594
1983-06-01,0.13522483210113487
1983-07-01,0.05138543619843124
1983-08-01,0.01952646575540387
1983-09-01,0.00742005698705347
1983-10-01,0.0028196216550803186
1983-11-01,0.001071456228930521
1983-12-01,60.36582601979199
1984-01-01,32.14211075957653
1984-02-01,12.373017263421668
1984-03-01,4.774077664469361
1984-04-01,23.172124740472974
1984-05-01,5.392449155925076
1984-06-01,2.0491306792515283
1984-07-01,1.8651179462446574
1984-08-01,0.2958944700839208
1984-09-01,0.1124398986318899
1984-10-01,0.04272716148011816
1984-11-01,4.621587708017938
1984-12-01,72.41472484851832
1985-01-01,23.916630454418932
1985-02-01,8.177624500086603
1985-03-01,3.4821965865111775
1985-04-01,3.905544062119181
1985-05-01,0.4487226115687521
1985-06-01,0.17051459239612582
1985-07-01,0.0647955451105278
1985-08-01,0.024622307142000567
1985-09-01,0.009356476713960216
1985-10-01,0.003555461151304883
1985-11-01,0.0013510752374958556
1985-12-01,0.0005134085902484251
1986-01-01,0.00019509526429440155
1986-02-01,7.5586648494893325
1986-03-01,48.900469054476176
1986-04-01,35.23324324221388
1986-05-01,10.511791911672237
1986-06-01,3.9944809264354495
1986-07-01,1.5179027520454709
1986-08-01,0.5768030457772789
1986-09-01,0.21918515739536604
1986-10-01,6.110231374460752
1986-11-01,0.03165033672789085
1986-12-01,3.044838833278725
1987-01-01,30.90992695266023
1987-02-01,18.984988674043997
1987-03-01,5.705111680104857
1987-04-01,2.046545053248295
1987-05-01,2.9653459946703036
1987-06-01,0.2955211056890538
1987-07-01,0.11229802016184044
1987-08-01,0.04267324766149937
1987-09-01,0.016215834111369756
1987-10-01,0.006162016962320508
1987-11-01,29.333511420349755
1987-12-01,5.481769463936335
1988-01-01,2.0830723962958073
1988-02-01,0.7915675105924067
1988-03-01,1.1180086066590804
1988-04-01,0.4516784913522186
1988-05-01,0.04343489244122654
1988-06-01,0.016505259127666087
1988-07-01,0.006271998468513114
1988-08-01,0.0023833594180349828
1988-09-01,0.3178174409782375
1988-10-01,0.0003441570999642515
1988-11-01,0.0001307796979864156
1988-12-01,2.4233629709017657
1989-01-01,4.954331780639076
1989-02-01,18.249436208901997
1989-03-01,4.210363441795666
1989-04-01,1.8455869756551835
1989-05-01,0.6079764809952943
1989-06-01,0.2310310627782118
1989-07-01,0.08779180385572048
1989-08-01,0.03336088546517378
1989-09-01,0.012677136476766037
1989-10-01,7.577045824360017
1989-11-01,2.3109798736622427
1989-12-01,0.0006956198327531059
1990-01-01,0.9259877404299683
1990-02-01,0.0001004475038495485
1990-03-01,3.8170051462828426e-05
1990-04-01,1.4504619555874805e-05
1990-05-01,5.511755431232426e-06
1990-06-01,2.094467063868322e-06
1990-07-01,7.958974842699623e-07
1990-08-01,3.0244104402258563e-07
1990-09-01,1.1492759672858254e-07
1990-10-01,4.367248675686136e-08
1990-11-01,2.7987484727217193
1990-12-01,0.31707986607328953
1991-01-01,2.3963966933224967e-09
1991-02-01,9.106307434625487e-10
1991-03-01,14.006651381369391
1991-04-01,0.9743210176884443
1991-05-01,0.3702419867216088
1991-06-01,0.14069195495421136
1991-07-01,0.053462942882600326
1991-08-01,0.020315918295388122
1991-09-01,0.007720048952247486
1991-10-01,0.0029336186018540443
1991-11-01,0.0011147750687045368
1991-12-01,0.00042361452610772406
1992-01-01,2.5601448993180873
1992-02-01,5.438484162778134
1992-03-01,2.3244576276583032e-05
1992-04-01,8.832938985101552e-06
1992-05-01,0.8539132728721787
1992-06-01,1.2754763894486642e-06
1992-07-01,4.846810279904925e-07
1992-08-01,1.8417879063638713e-07
1992-09-01,6.998794044182711e-08
1992-10-01,2.6595417367894296e-08
1992-11-01,1.0106258599799833e-08
1992-12-01,3.8403782679239374e-09
1993-01-01,2.9641670220713836
1993-02-01,29.992476258263068
1993-03-01,6.717738418109643
1993-04-01,3.5599747970309528
1993-05-01,0.9700414275750324
1993-06-01,0.36861574247851236
1993-07-01,0.1400739821418347
1993-08-01,0.05322811321389719
1993-09-01,0.020226683021280938
1993-10-01,0.0076861395480867555
1993-11-01,2.858629355806176
1993-12-01,9.764977142521401
1994-01-01,62.11702938177501
1994-02-01,28.461751923153553
1994-03-01,9.12690883402775
1994-04-01,54.51824118247298
1994-05-01,16.70138711849153
1994-06-01,5.544816582720792
1994-07-01,2.1070303014339014
1994-08-01,0.8006715145448824
1994-09-01,0.3042551755270553
1994-10-01,3.929504818422413
1994-11-01,8.980725983070897
1994-12-01,3.7199832779085336
1995-01-01,0.4826069548804947
1995-02-01,4.577804020484571
1995-03-01,0.06968844428474344
1995-04-01,0.026481608828202507
1995-05-01,0.010063011354716952
1995-06-01,0.8124778389780994
1995-07-01,0.0014530988396211275
1995-08-01,0.0005521775590560285
1995-09-01,0.12261076396315472
1995-10-01,7.973443952769054e-05
1995-11-01,3.02990870205224e-05
1995-12-01,1.1513653067798512e-05
1996-01-01,4.481808691457089
1996-02-01,4.908617085222082
1996-03-01,6.317771711362401e-07
1996-04-01,2.778461513914351
1996-05-01,1.0907238478071386
1996-06-01,3.466687693458777e-08
1996-07-01,1.3173413235143352e-08
1996-08-01,5.005897029354473e-09
1996-09-01,1.9022408711546997e-09
1996-10-01,1.2479494207485151
1996-11-01,37.055197624636214
1996-12-01,10.138292764743419
1997-01-01,3.163691083545231
1997-02-01,2.4191983840571
1997-03-01,0.4406270317958044
1997-04-01,7.1523687816379855
1997-05-01,0.06362654339131416
1997-06-01,0.02417808648869938
1997-07-01,0.009187672865705763
1997-08-01,0.3431991870237349
1997-09-01,0.0013266999618079126
1997-10-01,8.626355598736934
1997-11-01,7.142737886209482
1997-12-01,7.279868030432378e-05
1998-01-01,2.7663498515643035e-05
1998-02-01,1.0512129435944351e-05
1998-03-01,5.003813119205154
1998-04-01,1.5179514905503646e-06
1998-05-01,2.871314724768856
1998-06-01,2.1919219523547266e-07
1998-07-01,8.329303418947961e-08
1998-08-01,3.165135299200225e-08
1998-09-01,1.2027514136960854e-08
1998-10-01,4.426014570271478
1998-11-01,1.179675250770327
1998-12-01,0.6525986465164497
1999-01-01,6.618980951729665
1999-02-01,9.530021032644686e-11
1999-03-01,3.62140799240498e-11
1999-04-01,0.12708259362223706
1999-05-01,5.229313141032793e-12
1999-06-01,1.987138993592461e-12
1999-07-01,7.551128175651353e-13
1999-08-01,1.1601683422112312
1999-09-01,1.0903829085640555e-13
1999-10-01,4.143455052543411e-14
1999-11-01,4.030804647390421
1999-12-01,5.983149095872685e-15
2000-01-01,2.2735966564316204e-15
2000-02-01,8.639667294440157e-16
2000-03-01,3.2830735718872593e-16
2000-04-01,1.2475679573171586e-16
2000-05-01,2.336434781463763
2000-06-01,1.801488130365977e-17
2000-07-01,6.845654895390713e-18
2000-08-01,2.601348860248471e-18
2000-09-01,9.88512566894419e-19
2000-10-01,0.8281608000424056
2000-11-01,6.618590813746606
2000-12-01,34.74943954849072
2001-01-01,31.124738587550304
2001-02-01,8.866244422255976
2001-03-01,12.308924880206444
2001-04-01,2.5491176830461066
2001-05-01,0.9686647195575205
2001-06-01,0.3680925934318578
2001-07-01,0.13987518550410596
2001-08-01,0.05315257049156026
2001-09-01,0.020197976786792898
2001-10-01,2.049555730303325
2001-11-01,15.387440892633268
2001-12-01,56.82458588138324
2002-01-01,15.789296712342734
2002-02-01,6.384116368252526
2002-03-01,2.58652057615343
2002-04-01,0.8663902891996706
2002-05-01,0.6361645785192833
2002-06-01,0.12510675776043242
2002-07-01,0.04754056794896432
2002-08-01,0.018065415820606442
2002-09-01,0.006864858011830449
2002-10-01,0.00260864604449557
2002-11-01,0.0009912854969083167
2002-12-01,0.31706641052353846
2003-01-01,49.906995809919856
2003-02-01,28.947475017627465
2003-03-01,9.16160034619486
2003-04-01,3.4814081315540464
2003-05-01,1.3229350899905374
2003-06-01,0.5027153341964044
2003-07-01,0.1910318269946336
2003-08-01,0.07259209425796079
2003-09-01,0.027584995818025097
2003-10-01,2.831858766104808
2003-11-01,3.4843030291336174
2003-12-01,35.71449013575458
2004-01-01,99.60280108038523
2004-02-01,122.63231862810895
2004-03-01,75.48368778203441
2004-04-01,24.917782369228618
2004-05-01,10.124477050908528
2004-06-01,3.5981277741166133
2004-07-01,1.5766902930052085
2004-08-01,0.519569650582439
2004-09-01,0.19743646722132685
2004-10-01,6.410766532467454
2004-11-01,0.02850982586675959
2004-12-01,0.010833733829368647
2005-01-01,6.733506858273029
2005-02-01,2.203011383017091
2005-03-01,0.0005944686426851164
2005-04-01,0.00022589808422034422
2005-05-01,8.584127200373081e-05
2005-06-01,3.261968336141771e-05
2005-07-01,1.2395479677338734e-05
2005-08-01,4.710282277388718e-06
2005-09-01,1.7899072654077132e-06
2005-10-01,1.2210305692371473
2005-11-01,2.584626091248738e-07
2005-12-01,1.892457695755925
2006-01-01,9.356377752173625
2006-02-01,0.8113089452483215
2006-03-01,5.045642185600997
2006-04-01,19.955790431377377
2006-05-01,4.1904811345324235
2006-06-01,1.5923828311223207
2006-07-01,0.6051054758264819
2006-08-01,0.22994008081406317
2006-09-01,1.4531483642481797
2006-10-01,0.033203347669550715
2006-11-01,6.301151233797355
2006-12-01,0.004794563403483124
2007-01-01,10.29346675438307
2007-02-01,1.0458357269382694
2007-03-01,0.39741757623654234
2007-04-01,0.1510186789698861
2007-05-01,0.05738709800855672
2007-06-01,0.021807097243251555
2007-07-01,0.00828669695243559
2007-08-01,0.0031489448419255244
2007-09-01,0.0011965990399316992
2007-10-01,0.0004547076351740457
2007-11-01,0.00017278890136613733
2007-12-01,6.565978251913219e-05
2008-01-01,2.4950717357270235e-05
2008-02-01,19.185414507694126
2008-03-01,3.293312893758751
2008-04-01,1.2514588996283256
2008-05-01,0.47555438185876364
2008-06-01,0.18071066510633016
2008-07-01,0.06867005274040547
2008-08-01,0.026094620041354082
2008-09-01,0.00991595561571455
2008-10-01,0.0037680631339715295
2008-11-01,1.2915162009634555
2008-12-01,0.000544108316545489
2009-01-01,0.00020676116028728577
2009-02-01,7.85692409091686e-05
2009-03-01,6.050969700863269
2009-04-01,2.2510058783280678
2009-05-01,4.3112513871678985e-06
2009-06-01,1.6382755271238014e-06
2009-07-01,6.225447003070446e-07
2009-08-01,2.365669861166769e-07
2009-09-01,8.989545472433722e-08
2009-10-01,3.416027279524815e-08
2009-11-01,1.2980903662194295e-08
2009-12-01,7.013020460081919
2010-01-01,33.515318644433364
2010-02-01,44.09323045271293
2010-03-01,13.05063686012753
2010-04-01,12.150945722372253
2010-05-01,2.230462043427531
2010-06-01,0.7161145457889179
2010-07-01,0.2721235273997888
2010-08-01,0.10340694041191974
2010-09-01,2.249324666536135
2010-10-01,0.014931962195481208
2010-11-01,0.005674145634282859
2010-12-01,0.002156175341027487
2011-01-01,0.0008193466295904449
2011-02-01,5.128964674783274
2011-03-01,0.00011831365331286024
2011-04-01,4.4959188258886894e-05
2011-05-01,1.708449153837702e-05
2011-06-01,6.492106784583268e-06
2011-07-01,2.4670005781416413e-06
2011-08-01,9.374602196938238e-07
2011-09-01,3.562348834836531e-07
2011-10-01,2.3095153858797417
2011-11-01,5.1440317175039505e-08
2011-12-01,1.954732052651501e-08
2012-01-01,7.427981800075704e-09
2012-02-01,2.8226330840287677e-09
2012-03-01,1.0726005719309318e-09
2012-04-01,5.884741005008908
2012-05-01,1.548835225868266e-10
2012-06-01,5.88557385829941e-11
2012-07-01,2.2365180661537755e-11
2012-08-01,8.498768651384348e-12
2012-09-01,3.229532087526053e-12
2012-10-01,2.266990195832562
2012-11-01,0.4665027613516606
2012-12-01,4.142384149969893
2013-01-01,27.69635477404153
2013-02-01,6.705817938916545
2013-03-01,3.6315219492361352
2013-04-01,0.9683201103795491
2013-05-01,0.3679616419442287
2013-06-01,0.13982542393880693
2013-07-01,0.053133661096746644
2013-08-01,0.02019079121676372
2013-09-01,0.007672500662370215
2013-10-01,0.002915550251700682
2013-11-01,8.196637012987992
2013-12-01,10.68124335026053
2014-01-01,22.202912490111054
2014-02-01,6.180742826194267
2014-03-01,2.348682273953821
2014-04-01,2.9269671390961287
2014-05-01,0.33914972035893187
2014-06-01,0.1288768937363941
2014-07-01,0.04897321961982977
2014-08-01,0.018609823455535312
2014-09-01,0.007071732913103418
2014-10-01,0.002687258506979299
2014-11-01,0.0010211582326521338
2014-12-01,3.745611581682649
2015-01-01,0.00014745524879496814
2015-02-01,7.586189389920902
2015-03-01,2.1292537925993394e-05
2015-04-01,0.18795223307784073
2015-05-01,3.074642476513447e-06
2015-06-01,1.16836414107511e-06
2015-07-01,4.4397837360854183e-07
2015-08-01,1.687117819712459e-07
2015-09-01,6.411047714907345e-08
2015-10-01,2.436198131664791e-08
2015-11-01,5.813735875853857
2015-12-01,3.5178701021239583e-09
2016-01-01,1.3367906388071043e-09
2016-02-01,3.396830199259759
2016-03-01,0.2527070706211284
2016-04-01,7.335237593262341e-11
2016-05-01,0.23163961126077326
2016-06-01,1.0592083084670824e-11
2016-07-01,4.024991572174913e-12
2016-08-01,1.529496797426467e-12
2016-09-01,5.812087830220574e-13
2016-10-01,2.3087349750461685
2016-11-01,8.392654826838509e-14
2016-12-01,3.1892088341986336e-14
2017-01-01,2.124589780645534
2017-02-01,4.605217556582828e-15
2017-03-01,1.7499826715014745e-15
2017-04-01,6.649934151705604e-16
2017-05-01,2.5269749776481296e-16
2017-06-01,9.602504915062891e-17
2017-07-01,3.6489518677238986e-17
2017-08-01,1.3866017097350812e-17
2017-09-01,5.2690864969933094e-18
2017-10-01,2.0022528688574577e-18
2017-11-01,2.386762599449363
2017-12-01,0.4009595559284778
2018-01-01,48.331932212607725
2018-02-01,18.970860248700717
2018-03-01,12.235858215107509
2018-04-01,3.0784851942602764
2018-05-01,1.1698243738189051
2018-06-01,0.44453326205118404
2018-07-01,0.16892263957944995
2018-08-01,0.06419060304019099
2018-09-01,0.3055795814657223
2018-10-01,4.294443825966801
2018-11-01,4.546188129900387
2018-12-01,5.281365376125705
2019-01-01,14.799073488197013
2019-02-01,3.485144732320277
2019-03-01,1.3243549982817053
2019-04-01,2.710553962957259
2019-05-01,0.1912368617518783
2019-06-01,0.07267000746571375
2019-07-01,0.027614602836971223
2019-08-01,0.010493549078049065
2019-09-01,0.003987548649658645
2019-10-01,0.5335612338172688
2019-11-01,6.609023023184534
2019-12-01,0.00021880476950406912
2020-01-01,6.549619511658859
2020-02-01,3.159540871638758e-05
2020-03-01,1.2006255312227285e-05
2020-04-01,4.562377018646368e-06
2020-05-01,1.7337032670856195e-06
2020-06-01,6.588072414925355e-07
2020-07-01,2.503467517671635e-07
2020-08-01,9.513176567152211e-08
2020-09-01,3.0925224991511264
2020-10-01,1.3737026962967794e-08
2020-11-01,7.501863526809155
2020-12-01,42.32594704635662
2021-01-01,64.89367150794703
2021-02-01,49.53040220418189
2021-03-01,15.218166824890341
2021-04-01,12.088993570415496
2021-05-01,2.1975032895141653
2021-06-01,0.8350512500153828
2021-07-01,0.31731947500584545
2021-08-01,0.1205814005022213
2021-09-01,0.04582093219084409
2021-10-01,3.1715762410030672
2021-11-01,3.0367169063753825
2021-12-01,0.0025142861911759966
2022-01-01,58.69489974391834
2022-02-01,14.711201478412216
2022-03-01,5.590256561796642
2022-04-01,4.8590632980022805
2022-05-01,0.807233047523435
2022-06-01,0.3067485580589053
2022-07-01,0.116564452062384
2022-08-01,0.044294491783705925
2022-09-01,0.016831906877808254
2022-10-01,0.006396124613567136
2022-11-01,1.3057795602144504
2022-12-01,4.641123994750589
2023-01-01,0.00035096814979565586
2023-02-01,0.00013336789692234923
2023-03-01,5.067980083049271e-05
2023-04-01,2.760554511729757
2023-05-01,7.318163239923146e-06
2023-06-01,2.780902031170796e-06
2023-07-01,1.0567427718449025e-06
2023-08-01,4.0156225330106306e-07
2023-09-01,0.23658114753902787
2023-10-01,5.7985589376673505e-08
2023-11-01,2.203452396313593e-08
2023-12-01,8.953711606272536
2024-01-01,3.181785260276829e-09
2024-02-01,1.2090783989051949e-09
2024-03-01,4.5944979158397404e-10
2024-04-01,0.32990172872951695
2024-05-01,6.634454990472586e-11
2024-06-01,2.5210928963795832e-11
2024-07-01,9.580153006242416e-12
2024-08-01,3.640458142372119e-12
2024-09-01,1.3833740941014053e-12
2024-10-01,6.6094704615511795
2024-11-01,0.3083110299349774
2024-12-01,7.59085032915323e-14
2025-01-01,2.884523125078227e-14
2025-02-01,1.0961187875297265e-14
2025-03-01,4.165251392612961e-15
2025-04-01,1.5827955291929251e-15
2025-05-01,6.014623010933116e-16
2025-06-01,2.285556744154584e-16
2025-07-01,8.68511562778742e-17
2025-08-01,3.3003439385592205e-17
2025-09-01,1.2541306966525035e-17
2025-10-01,2.1212893632368734
2025-11-01,1.810964725966215e-18
2025-12-01,6.881665958671618e-19
2026-01-01,4.4636738790068575
2026-02-01,0.3168771792796058
2026-03-01,0.2779185638493856
2026-04-01,1.1757374048802858
2026-05-01,5.4526995835522675e-21
2026-06-01,2.0720258417498614e-21
2026-07-01,7.873698198649473e-22
2026-08-01,2.9920053154867998e-22
2026-09-01,1.136962019884984e-22
2026-10-01,1.0872847527414842
2026-11-01,2.1567321061075124
2026-12-01,2.5813078115989496
2027-01-01,0.23642375931870124
2027-02-01,0.2446574077323718
2027-03-01,34.394965230005575
2027-04-01,10.676602408018859
2027-05-01,2.8986484873610165
2027-06-01,1.1014864251971865
2027-07-01,0.41856484157493085
2027-08-01,0.15905463979847373
2027-09-01,0.060440763123420026
2027-10-01,0.022967489986899615
2027-11-01,2.758269569168419
2027-12-01,7.728664959067841
2028-01-01,0.0012602721105611557
2028-02-01,24.845374413202656
2028-03-01,57.27164205030715
2028-04-01,16.330724644493134
2028-05-01,6.076672804015665
2028-06-01,2.3091356655259525
2028-07-01,0.8774715528998621
2028-08-01,0.33343919010194756
2028-09-01,0.12670689223874007
2028-10-01,0.048148619050721236
2028-11-01,2.531383554302721
2028-12-01,7.734092169681452
2029-01-01,0.1373319856189716
2029-02-01,4.403953487619969
2029-03-01,2.319402374538572
2029-04-01,0.00014497242893917204
2029-05-01,5.508952299688539e-05
2029-06-01,2.0934018738816447e-05
2029-07-01,0.8207529867812566
2029-08-01,3.0228723058850945e-06
2029-09-01,1.1486914762363359e-06
2029-10-01,4.3650276096980765e-07
2029-11-01,1.6587104916852693e-07
2029-12-01,33.06140379818059
2030-01-01,64.9863534643795
2030-02-01,18.951094955033707
2030-03-01,9.177285293517627
2030-04-01,2.695026609527612
2030-05-01,1.0241101116204925
2030-06-01,0.38916184241578705
2030-07-01,0.14788150011799908
2030-08-01,0.05619497004483966
2030-09-01,0.021354088617039073
2030-10-01,6.312615149163615
2030-11-01,4.4218061402612046
2030-12-01,8.935391015730342
2031-01-01,57.31735580833278
2031-02-01,29.243976675648746
2031-03-01,9.413635089999396
2031-04-01,3.5771813341997714
2031-05-01,1.3593289069959131
2031-06-01,1.6029254063207135
2031-07-01,0.1962870941702098
2031-08-01,0.07458909578467975
2031-09-01,0.0283438563981783
2031-10-01,0.010770665431307756
2031-11-01,4.481844136353275
2031-12-01,0.0015552840882808395
2032-01-01,0.12627616691079882
2032-02-01,0.30834313919316575
2032-03-01,8.534154849214623e-05
2032-04-01,0.3420411788678919
2032-05-01,1.2323319602265916e-05
2032-06-01,4.6828614488610475e-06
2032-07-01,1.7794873505671984e-06
2032-08-01,6.762051932155353e-07
2032-09-01,2.569579734219034e-07
2032-10-01,9.764402990032332e-08
2032-11-01,2.3150384193513354
2032-12-01,32.68619607543886
2033-01-01,96.14416999036737
2033-02-01,29.5158991853083
2033-03-01,10.496146923813537
2033-04-01,6.01859077105914
2033-05-01,1.5156436157986746
2033-06-01,0.5759445740034963
2033-07-01,0.21885893812132862
2033-08-01,0.08316639648610488
2033-09-01,0.03160323066471985
2033-10-01,0.012009227652593544
2033-11-01,0.004563506507985546
2033-12-01,4.641556274338582
2034-01-01,0.000658970339753113
2034-02-01,0.00025040872910618296
2034-03-01,9.515531706034954e-05
2034-04-01,26.72881866715212
2034-05-01,5.937048467700129
2034-06-01,1.8159161094871874
2034-07-01,0.6900481216051312
2034-08-01,0.2622182862099498
2034-09-01,0.09964294875978096
2034-10-01,0.03786432052871676
2034-11-01,0.014388441800912368
2034-12-01,0.005467607884346699
2035-01-01,1.1166258654658932
2035-02-01,0.3384649700848887
2035-03-01,21.360583814766585
2035-04-01,4.572707224744358
2035-05-01,1.4292823650825666
2035-06-01,0.5431272987313752
2035-07-01,0.20638837351792264
2035-08-01,0.0784275819368106
2035-09-01,0.02980248113598803
2035-10-01,0.01132494283167545
2035-11-01,0.00430347827603667
2035-12-01,0.8262544374950572
2036-01-01,0.0006214222630596953
2036-02-01,11.01921304703147
2036-03-01,1.100776690188039
2036-04-01,0.3015104577038483
2036-05-01,0.11457397392746234
2036-06-01,0.4188837404282691
2036-07-01,0.016544481835125562
2036-08-01,0.006286903097347712
2036-09-01,0.0023890231769921307
2036-10-01,0.2716525401615935
2036-11-01,0.0003449749467576637
2036-12-01,68.47446788343021
2037-01-01,40.4268027065916
2037-02-01,12.892692252671912
2037-03-01,4.806876501508139
2037-04-01,1.8266130705730927
2037-05-01,0.6941129668177752
2037-06-01,0.26376292739075463
2037-07-01,0.10022991240848675
2037-08-01,1.1248238523829848
2037-09-01,2.3237022459139363
2037-10-01,0.005499815753678484
2037-11-01,0.002089929986397824
2037-12-01,2.309892660062944
2038-01-01,6.566855885941429
2038-02-01,12.17129841652942
2038-03-01,2.6711753021361675
2038-04-01,1.0150466148117436
2038-05-01,0.38571771362846247
2038-06-01,0.14657273117881575
2038-07-01,0.055697637847949996
2038-08-01,0.021165102382221
2038-09-01,0.008042738905243978
2038-10-01,2.4316612354904863
2038-11-01,0.0011613714979172305
2038-12-01,0.0004413211692085476
2039-01-01,2.0593899994440386
2039-02-01,0.32044538771924813
2039-03-01,2.4216175196811428e-05
2039-04-01,9.202146574788342e-06
2039-05-01,3.4968156984195694e-06
2039-06-01,1.3287899653994364e-06
2039-07-01,5.049401868517858e-07
2039-08-01,1.9187727100367863e-07
2039-09-01,7.291336298139789e-08
2039-10-01,2.7707077932931196e-08
2039-11-01,1.0528689614513853e-08
2039-12-01,4.0009020535152644e-09
2040-01-01,4.864474508959685
2040-02-01,9.635081715243047
2040-03-01,1.270855313231786
2040-04-01,0.6693295724440975
2040-05-01,0.13388021832326671
2040-06-01,0.05087448296284135
2040-07-01,0.019332303525879713
2040-08-01,0.00734627533983429
2040-09-01,0.002791584629137031
2040-10-01,0.0010608021590720715
2040-11-01,0.33323144389115433
2040-12-01,17.82045069980654
2041-01-01,3.637746031945581
2041-02-01,1.8761960841200014
2041-03-01,0.3375349518383045
2041-04-01,6.704508117791964
2041-05-01,0.04874004704545118
2041-06-01,0.018521217877271446
2041-07-01,0.007038062793363151
2041-08-01,0.002674463861477997
2041-09-01,0.0010162962673616388
2041-10-01,1.1794944226192172
2041-11-01,0.42860889474618236
2041-12-01,5.189515423682945
2042-01-01,10.875831558645153
2042-02-01,26.64614270595642
2042-03-01,7.210391041735187
2042-04-01,2.7399485958593717
2042-05-01,1.0411804664265611
2042-06-01,0.39564857724209324
2042-07-01,0.15034645935199545
2042-08-01,0.05713165455375827
2042-09-01,0.02171002873042814
2042-10-01,0.19386189688197258
2042-11-01,0.003134928148673824
2042-12-01,0.32440793500352544
2043-01-01,0.0004526836246685001
2043-02-01,2.308948506466482
2043-03-01,2.108814214693224
2043-04-01,1.0946789474185867
2043-05-01,9.439069224067776e-06
2043-06-01,3.5868463051457556e-06
2043-07-01,1.3630015959553872e-06
2043-08-01,0.326295483968168
2043-09-01,1.9681743045595787e-07
2043-10-01,7.479062357326399e-08
2043-11-01,2.8420436957840314e-08
2043-12-01,1.0799766043979321e-08
2044-01-01,25.602742651869256
2044-02-01,4.337587335645903
2044-03-01,1.648283187545443
2044-04-01,6.171979541447554
2044-05-01,0.23801209228156198
2044-06-01,0.09044459506699355
2044-07-01,0.03436894612545755
2044-08-01,0.013060199527673868
2044-09-01,0.004962875820516069
2044-10-01,0.12272091857445987
2044-11-01,14.798804384346258
2044-12-01,5.340254141941036
2045-01-01,0.9831173748552869
2045-02-01,0.3735846024450091
2045-03-01,2.2585582366322665
2045-04-01,24.707817943911706
2045-05-01,4.759157957293661
2045-06-01,1.808480023771591
2045-07-01,0.6872224090332045
2045-08-01,0.2611445154326177
2045-09-01,0.09923491586439472
2045-10-01,5.504964664446495
2045-11-01,2.3233737135306316
2045-12-01,7.129391437472075
2046-01-01,33.96934301462265
2046-02-01,8.946813897790854
2046-03-01,4.357696575601064
2046-04-01,1.2425872622687257
2046-05-01,0.47218315966211566
2046-06-01,0.17942960067160396
2046-07-01,0.06818324825520952
2046-08-01,0.02590963433697961
2046-09-01,0.009845661048052253
2046-10-01,0.8467060230287357
2046-11-01,2.0373028204942814
2046-12-01,0.8258615331211103
2047-01-01,39.16753367779124
2047-02-01,13.17177826958552
2047-03-01,3.826035860277631
2047-04-01,2.7751881715353783
2047-05-01,0.5524795782240899
2047-06-01,0.20994223972515422
2047-07-01,0.4164825072221933
2047-08-01,0.030315659416312264
2047-09-01,0.01151995057819866
2047-10-01,0.05435207065830329
2047-11-01,7.598791067599609
2047-12-01,4.192795866546165
2048-01-01,0.31722266215243394
2048-02-01,0.24450960499469684
2048-03-01,0.7806374544394299
2048-04-01,1.3180618568356471e-05
2048-05-01,5.008635055975459e-06
2048-06-01,1.903281321270674e-06
2048-07-01,0.23428161845765688
2048-08-01,2.748338227914853e-07
2048-09-01,1.0443685266076441e-07
2048-10-01,1.1744549144521632
2048-11-01,5.201068931917618
2048-12-01,5.7306589792014665e-09
2049-01-01,72.82634986295778
2049-02-01,22.882203500079285
2049-03-01,7.792906241062834
2049-04-01,2.8239234765739187
2049-05-01,1.073090921098089
2049-06-01,0.40777455001727386
2049-07-01,0.15495432900656406
2049-08-01,0.05888264502249435
2049-09-01,0.022375405108547852
2049-10-01,0.008502653941248184
2049-11-01,5.171296302825096
2049-12-01,8.775381680772462
2050-01-01,0.8205071133866116
2050-02-01,0.3117927030869124
2050-03-01,1.20646934654902
2050-04-01,2.3544894715935962
2050-05-01,0.01710868920378506
2050-06-01,0.006501301897438322
2050-07-01,0.002470494721026563
2050-08-01,0.0009387879939900937
2050-09-01,0.0003567394377162356
2050-10-01,10.695084823495291
2050-11-01,5.16986986361051
2050-12-01,15.506947769108688
2051-01-01,94.56524662712286
2051-02-01,27.350120946773924
2051-03-01,10.268150390161031
2051-04-01,3.9018971482611926
2051-05-01,1.482720916339253
2051-06-01,0.5634339482089162
2051-07-01,0.21410490031938814
2051-08-01,0.0813598621213675
2051-09-01,0.030916747606119645
2051-10-01,2.333533598959733
2051-11-01,8.646749969616812
2051-12-01,2.203276709920638
2052-01-01,39.348192570455154
2052-02-01,12.795236242425098
2052-03-01,6.66583740392588
2052-04-01,1.5141679784434303
2052-05-01,0.5753838318085035
2052-06-01,0.21864585608723128
2052-07-01,0.08308542531314789
2052-08-01,1.2623783248302627
2052-09-01,0.011997535415218556
2052-10-01,0.004559063457783051
2052-11-01,4.596347613881777
2052-12-01,4.515230589564131
2053-01-01,0.00025016493005547164
2053-02-01,9.506267342107924e-05
2053-03-01,3.049994783053513
2053-04-01,1.3727050042003843e-05
2053-05-01,5.2162790159614605e-06
2053-06-01,1.982186026065355e-06
2053-07-01,7.53230689904835e-07
2053-08-01,2.8622766216383733e-07
2053-09-01,1.0876651162225819e-07
2053-10-01,4.133127441645812e-08
2053-11-01,2.555696279789906
2053-12-01,5.968236025736553e-09
2054-01-01,1.0833894815256653
2054-02-01,8.618132821163583e-10
2054-03-01,1.2979984622629042
2054-04-01,1.2444583793760213e-10
2054-05-01,4.728941841628882e-11
2054-06-01,1.7969978998189752e-11
2054-07-01,6.828592019312105e-12
2054-08-01,2.5948649673386e-12
2054-09-01,9.86048687588668e-13
2054-10-01,3.7469850128369384e-13
2054-11-01,1.4238543048780368e-13
2054-12-01,5.8584554202268615
2055-01-01,2.0560456162438848e-14
2055-02-01,7.812973341726761e-15
2055-03-01,2.9689298698561693e-15
2055-04-01,1.1281933505453442e-15
2055-05-01,4.287134732072308e-16
2055-06-01,1.6291111981874773e-16
2055-07-01,6.190622553112413e-17
2055-08-01,2.3524365701827174e-17
2055-09-01,8.939258966694326e-18
2055-10-01,3.396918407343844e-18
2055-11-01,1.2908289947906607e-18
2055-12-01,4.905150180204511e-19
2056-01-01,0.30671743924120604
2056-02-01,7.210960066468032
2056-03-01,2.6915540068818184e-20
2056-04-01,2.0890064067814706
2056-05-01,3.886603985937346e-21
2056-06-01,1.4769095146561915e-21
2056-07-01,5.612256155693527e-22
2056-08-01,2.1326573391635404e-22
2056-09-01,8.104097888821454e-23
2056-10-01,3.079557197752153e-23
2056-11-01,2.3091077687103043
2056-12-01,3.698043793610703
2057-01-01,9.814575627723958
2057-02-01,1.1776025135698187
2057-03-01,1.5349625206168962
2057-04-01,0.5013502146133809
2057-05-01,0.06461740512460308
2057-06-01,0.024554613947349167
2057-07-01,0.009330753299992682
2057-08-01,0.00354568625399722
2057-09-01,0.0013473607765189435
2057-10-01,0.0005119970950771985
2057-11-01,0.00019455889612933543
2057-12-01,2.309315265696343
2058-01-01,3.105204388265653
2058-02-01,1.0675835748408894e-05
2058-03-01,4.05681758439538e-06
2058-04-01,1.5415906820702443e-06
2058-05-01,5.858044591866928e-07
2058-06-01,2.226056944909432e-07
2058-07-01,8.459016390655843e-08
2058-08-01,3.21442622844922e-08
2058-09-01,0.3402771683689735
2058-10-01,0.30692917464792835
2058-11-01,5.465386670969154
2058-12-01,6.702515848283695e-10
2059-01-01,6.389773973677764
2059-02-01,9.678432884921657e-11
2059-03-01,4.663368290650151
2059-04-01,1.3975657085826873e-11
2059-05-01,5.310749692614211e-12
2059-06-01,2.0180848831934e-12
2059-07-01,7.668722556134921e-13
2059-08-01,2.91411457133127e-13
2059-09-01,1.1073635371058826e-13
2059-10-01,4.207981441002353e-14
2059-11-01,1.5990329475808943e-14
2059-12-01,4.577567226904321
2060-01-01,81.8200992386297
2060-02-01,26.901548936752327
2060-03-01,11.359708919812638
2060-04-01,3.4358035711861947
2060-05-01,1.305605357050754
2060-06-01,1.7172597742391673
2060-07-01,1.2787257031535801
2060-08-01,0.07164117715208897
2060-09-01,0.027223647317793805
2060-10-01,0.010344985980761646
2060-11-01,0.003931094672689425
2060-12-01,5.607438511018376
2061-01-01,34.21071880422022
2061-02-01,52.19738806823392
2061-03-01,16.267848224817403
2061-04-01,5.734090908520044
2061-05-01,2.1789545452376164
2061-06-01,0.8280027271902944
2061-07-01,0.31464103633231183
2061-08-01,0.1195635938062785
2061-09-01,0.04543416564638583
2061-10-01,0.01726498294562662
2061-11-01,0.006560693519338114
2061-12-01,0.31937994882111864
2062-01-01,34.97059444954208
2062-02-01,7.530319499381769
2062-03-01,2.8615214097650723
2062-04-01,14.373891709745859
2062-05-01,4.626589224223283
2062-06-01,5.051558414986509
2062-07-01,0.12305870292586366
2062-08-01,0.04676230711182819
2062-09-01,0.017769676702494713
2062-10-01,11.914563256417285
2062-11-01,2.204473745639211
2062-12-01,6.574261091341056
2063-01-01,17.039436273899028
2063-02-01,3.9628808524607275
2063-03-01,51.33159583640095
2063-04-01,14.093704947561578
2063-05-01,5.225998872519208
2063-06-01,1.9858795715572988
2063-07-01,3.063394496958774
2063-08-01,0.2867610101328739
2063-09-01,0.10896918385049209
2063-10-01,3.355911064573444
2063-11-01,0.015735150148011058
2063-12-01,0.6588112380728836
2064-01-01,0.3193461328183251
2064-02-01,0.30768029484642023
2064-03-01,7.560433929744462
2064-04-01,0.00012467772654828815
2064-05-01,4.737753608834949e-05
2064-06-01,1.8003463713572807e-05
2064-07-01,6.841316211157667e-06
2064-08-01,2.5997001602399136e-06
2064-09-01,9.878860608911671e-07
2064-10-01,3.753967031386434e-07
2064-11-01,1.4265074719268452e-07
2064-12-01,5.420728393322011e-08
2065-01-01,2.059876789462364e-08
2065-02-01,0.323712934493283
2065-03-01,2.9744620839836533e-09
2065-04-01,0.31176901670292856
2065-05-01,4.2951232492723966e-10
2065-06-01,1.6321468347235104e-10
2065-07-01,6.20215797194934e-11
2065-08-01,2.3568200293407494e-11
2065-09-01,8.95591611149485e-12
2065-10-01,2.038880285974742
2065-11-01,3.1460717754566905
2065-12-01,0.32150895223401316
2066-01-01,0.8316188387477892
2066-02-01,7.096235176882011e-14
2066-03-01,4.615257155676798
2066-04-01,1.0246963595417622e-14
2066-05-01,3.893846166258697e-15
2066-06-01,1.479661543178305e-15
2066-07-01,5.622713864077559e-16
2066-08-01,2.1366312683494725e-16
2066-09-01,8.119198819727997e-17
2066-10-01,3.0852955514966386e-17
2066-11-01,57.67145623028236
2066-12-01,13.469685139240175
2067-01-01,10.445867219215215
2067-02-01,2.194566452617703
2067-03-01,0.7391085629603869
2067-04-01,0.5161343697543435
2067-05-01,0.10672727649147987
2067-06-01,2.349469950967782
2067-07-01,0.015411418725369693
2067-08-01,0.005856339115640483
2067-09-01,0.0022254088639433837
2067-10-01,0.0008456553682984856
2067-11-01,0.0003213490399534246
2067-12-01,30.16959913814994
2068-01-01,7.717997077372925
2068-02-01,2.183990089530852
2068-03-01,0.8299162340217237
2068-04-01,0.315368168928255
2068-05-01,0.1198399041927369
2068-06-01,0.04553916359324003
2068-07-01,0.01730488216543121
2068-08-01,0.006575855222863861
2068-09-01,0.0024988249846882673
2068-10-01,0.0009495534941815417
2068-11-01,6.619297721846235
2068-12-01,5.507709444342082
2069-01-01,5.2103899332729556e-05
2069-02-01,1.3185566381123184
2069-03-01,6.688080990653361
2069-04-01,2.8590451641855362e-06
2069-05-01,1.0864371623905038e-06
2069-06-01,4.128461217083915e-07
2069-07-01,1.568815262491888e-07
2069-08-01,5.961497997469174e-08
2069-09-01,0.015381195948271633
2069-10-01,8.608403108345488e-09
2069-11-01,5.897308844361825
2069-12-01,1.243053408845088e-09
2070-01-01,3.029185472310084
2070-02-01,28.4652924378762
2070-03-01,52.795366445462804
2070-04-01,14.64667213521062
2070-05-01,5.565735411380036
2070-06-01,2.1149794563244133
2070-07-01,0.8036921934032772
2070-08-01,0.3054030334932453
2070-09-01,0.11605315272743322
2070-10-01,2.1563342842201823
2070-11-01,4.169964817619098
2070-12-01,7.893744538297494
2071-01-01,0.2824242252882352
2071-02-01,2.8935133167100795
2071-03-01,0.040782058131621154
2071-04-01,0.01549718209001604
2071-05-01,0.005888929194206096
2071-06-01,0.0022377930937983164
2071-07-01,0.0008503613756433601
2071-08-01,0.0003231373227444769
2071-09-01,0.0001227921826429012
2071-10-01,4.666102940430246e-05
2071-11-01,1.7731191173634933e-05
2071-12-01,69.60991520250649
2072-01-01,17.679805532377554
2072-02-01,6.980382178671083
2072-03-01,2.534669385026589
2072-04-01,6.792024073702251
2072-05-01,0.3660062591978395
2072-06-01,0.13908237849517902
2072-07-01,0.052851303828168036
2072-08-01,0.020083495454703854
2072-09-01,0.007631728272787464
2072-10-01,0.002900056743659236
2072-11-01,5.487235777465861
2072-12-01,5.228462886794102
2073-01-01,2.118238332042795
2073-02-01,0.8257129038810548
2073-03-01,2.2978648329337257e-05
2073-04-01,8.731886365148159e-06
2073-05-01,3.3181168187563008e-06
2073-06-01,1.2608843911273943e-06
2073-07-01,4.791360686284099e-07
2073-08-01,1.8207170607879573e-07
2073-09-01,6.044725514887041
2073-10-01,2.6291154357778107e-08
2073-11-01,9.990638655955682e-09
2073-12-01,4.470565424654651
2074-01-01,1.4426482219200009e-09
2074-02-01,4.571601051558827
2074-03-01,2.0831840324524814e-10
2074-04-01,7.916099323319429e-11
2074-05-01,3.0081177428613834e-11
2074-06-01,1.1430847422873259e-11
2074-07-01,4.343722020691838e-12
2074-08-01,1.6506143678628983e-12
2074-09-01,6.272334597879013e-13
2074-10-01,2.3834871471940253e-13
2074-11-01,9.057251159337294e-14
2074-12-01,3.4417554405481724e-14
2075-01-01,1.3078670674083052e-14
2075-02-01,4.96989485615156e-15
2075-03-01,1.888560045337593e-15
2075-04-01,5.269543658018385
2075-05-01,2.727080705467484e-16
2075-06-01,1.0362906680776439e-16
2075-07-01,3.9379045386950465e-17
2075-08-01,1.4964037247041176e-17
2075-09-01,5.686334153875647e-18
2075-10-01,6.618829044097245
2075-11-01,4.459907404700852
2075-12-01,37.042795721539505
2076-01-01,8.721668807895526
2076-02-01,3.3142341470003003
2076-03-01,6.910312401610803
2076-04-01,0.47857541082684335
2076-05-01,0.1818586561142005
2076-06-01,0.06910628932339617
2076-07-01,0.02626038994289055
2076-08-01,0.10180657395364615
2076-09-01,0.0037920003077533955
2076-10-01,0.8206997816537605
2076-11-01,0.0005475648444395905
2076-12-01,68.0319720532219
2077-01-01,23.117956560652136
2077-02-01,7.600906548619222
2077-03-01,3.225855813856289
2077-04-01,1.4510652910643596
2077-05-01,0.417076944135834
2077-06-01,0.1584892387716169
2077-07-01,0.06022591073321444
2077-08-01,0.02288584607862149
2077-09-01,0.008696621509876165
2077-10-01,2.3353193315065273
2077-11-01,1.8589932801337032
2077-12-01,0.823548056995858
2078-01-01,0.00018133638588617145
2078-02-01,6.890782663674515e-05
2078-03-01,2.6184974121963152e-05
2078-04-01,0.31702761403329294
2078-05-01,3.7811102632114797e-06
2078-06-01,1.4368219000203624e-06
2078-07-01,0.29988888849552614
2078-08-01,2.0747708236294036e-07
2078-09-01,7.884129129791735e-08
2078-10-01,2.9959690693208586e-08
2078-11-01,1.1384682463419266e-08
2078-12-01,4.326179336099321e-09
2079-01-01,6.618648939205485
2079-02-01,6.24700296132742e-10
2079-03-01,2.3738611253044195e-10
2079-04-01,3.1448187211927325
2079-05-01,3.427855464939581e-11
2079-06-01,1.3025850766770408e-11
2079-07-01,4.9498232913727545e-12
2079-08-01,1.880932850721647e-12
2079-09-01,7.147544832742258e-13
2079-10-01,2.7160670364420584e-13
2079-11-01,47.32552699320865
2079-12-01,28.297752653556792
2080-01-01,44.79825557171623
2080-02-01,13.266261263414581
2080-03-01,4.901253404286791
2080-04-01,1.8624762936289803
2080-05-01,0.7077409915790126
2080-06-01,0.26894157680002473
2080-07-01,0.10219779918400941
2080-08-01,0.038835163689923576
2080-09-01,0.014757362202170957
2080-10-01,1.2215210004571744
2080-11-01,0.0021309631019934857
2080-12-01,67.99341761776407
2081-01-01,37.13039114506113
2081-02-01,13.34309244146914
2081-03-01,10.565854560452934
2081-04-01,2.4838764248462355
2081-05-01,0.6160441255868202
2081-06-01,0.23409676772299165
2081-07-01,0.08895677173473682
2081-08-01,0.03380357325919999
2081-09-01,0.012845357838495997
2081-10-01,0.004881235978628479
2081-11-01,0.0018548696718788222
2081-12-01,0.0007048504753139524
2082-01-01,0.00026784318061930193
2082-02-01,0.00010178040863533476
2082-03-01,3.8676555281427203e-05
2082-04-01,1.469709100694234e-05
2082-05-01,5.584894582638089e-06
2082-06-01,2.122259941402474e-06
2082-07-01,8.064587777329402e-07
2082-08-01,3.064543355385173e-07
2082-09-01,1.1645264750463657e-07
2082-10-01,4.42520060517619e-08
2082-11-01,53.45234140785024
2082-12-01,11.406246044386595
2083-01-01,6.534098625614209
2083-02-01,3.7308080402120747
2083-03-01,0.6258835329475814
2083-04-01,0.23783574252008094
2083-05-01,0.09037758215763074
2083-06-01,0.034343481219899684
2083-07-01,0.013050522863561884
2083-08-01,0.004959198688153516
2083-09-01,0.0018844955014983356
2083-10-01,0.0007161082905693675
2083-11-01,3.051920856717142
2083-12-01,36.81845939867981
2084-01-01,8.271482500115754
2084-02-01,3.0130693451787867
2084-03-01,1.1449663511679389
2084-04-01,0.7508355093998853
2084-05-01,0.16533314110865036
2084-06-01,0.06282659362128712
2084-07-01,0.02387410557608911
2084-08-01,0.009072160118913862
2084-09-01,0.0034474208451872675
2084-10-01,2.0369468683866416
2084-11-01,0.0004978075700450414
2084-12-01,7.040123339698916
2085-01-01,14.026239210132875
2085-02-01,17.704634543359134
2085-03-01,4.4624825291096135
2085-04-01,1.6036417049386456
2085-05-01,0.6093838478766853
2085-06-01,0.23156586219314046
2085-07-01,0.08799502763339337
2085-08-01,0.03343811050068948
2085-09-01,0.012706481990262006
2085-10-01,5.96349702635477
2085-11-01,6.62079064046236
2085-12-01,18.204771152180435
2086-01-01,22.633584621043706
2086-02-01,33.98863776378115
2086-03-01,9.967746379634788
2086-04-01,3.78774362426122
2086-05-01,1.4393425772192634
2086-06-01,0.5469501793433201
2086-07-01,0.5579252789429818
2086-08-01,0.07897960589717543
2086-09-01,0.03001225024092666
2086-10-01,0.01140465509155213
2086-11-01,0.34399718751955694
2086-12-01,0.0016468321952201278
2087-01-01,5.247651907399506
2087-02-01,0.0002378025689897865
2087-03-01,9.036497621611886e-05
2087-04-01,0.3139520396152949
2087-05-01,1.3048702565607565e-05
2087-06-01,4.958506974930875e-06
2087-07-01,1.8842326504737324e-06
2087-08-01,7.160084071800183e-07
2087-09-01,2.7208319472840697e-07
2087-10-01,2.33556022735306
2087-11-01,0.3238018714545637
2087-12-01,1.4929749061137145e-08
2088-01-01,2.1806063585545585
2088-02-01,2.155855764428204e-09
2088-03-01,0.3453695012321379
2088-04-01,3.1130557238343263e-10
2088-05-01,1.182961175057044e-10
2088-06-01,1.9578593581962527
2088-07-01,1.7081959367823722e-11
2088-08-01,6.491144559773014e-12
2088-09-01,2.4666349327137456e-12
2088-10-01,9.373212744312233e-13
2088-11-01,3.5618208428386483e-13
2088-12-01,1.3534919202786862e-13
2089-01-01,0.8130380433758871
2089-02-01,1.9544423328824233e-14
2089-03-01,0.9074015531543369
2089-04-01,2.822214728682219e-15
2089-05-01,1.0724415968992432e-15
2089-06-01,4.0752780682171234e-16
2089-07-01,1.548605665922507e-16
2089-08-01,5.884701530505527e-17
2089-09-01,2.2361865815921008e-17
2089-10-01,8.497509010049982e-18
2089-11-01,3.2290534238189933e-18
2089-12-01,1.2270403010512175e-18
2090-01-01,3.085972453959304
2090-02-01,1.1716804265271403
2090-03-01,6.73301553992824e-20
2090-04-01,2.5585459051727314e-20
2090-05-01,9.722474439656381e-21
2090-06-01,3.6945402870694246e-21
2090-07-01,1.4039253090863814e-21
2090-08-01,5.334916174528249e-22
2090-09-01,2.0272681463207348e-22
2090-10-01,2.406532432205992
2090-11-01,2.927375203287142e-23
2090-12-01,1.1124025772491135e-23
2091-01-01,4.227129793546632e-24
2091-02-01,0.25063391980351435
2091-03-01,6.103975421881336e-25
2091-04-01,2.319510660314908e-25
2091-05-01,8.814140509196651e-26
2091-06-01,3.349373393494727e-26
2091-07-01,1.2727618895279966e-26
2091-08-01,1.2944011771038786
2091-09-01,1.837868168478427e-27
2091-10-01,6.983899040218024e-28
2091-11-01,2.653881635282849e-28
2091-12-01,3.13042183919571
2092-01-01,1.2106228173011955
2092-02-01,1.456237930912405e-29
2092-03-01,4.399713066960877
2092-04-01,1.1762665534020855
2092-05-01,7.990668774502552e-31
2092-06-01,3.0364541343109697e-31
2092-07-01,1.1538525710381685e-31
2092-08-01,4.3846397699450396e-32
2092-09-01,1.666163112579115e-32
2092-10-01,6.331419827800638e-33
2092-11-01,2.4059395345642426e-33
2092-12-01,1.0899732046082293
2093-01-01,2.7928783039281426
2093-02-01,1.3201871414060912e-34
2093-03-01,5.016711137343147e-35
2093-04-01,1.906350232190396e-35
2093-05-01,7.244130882323504e-36
2093-06-01,2.7527697352829324e-36
2093-07-01,1.0460524994075143e-36
2093-08-01,3.974999497748554e-37
2093-09-01,1.5104998091444506e-37
2093-10-01,5.739899274748913e-38
2093-11-01,3.0461064046242465
2093-12-01,8.28841455273743e-39
2094-01-01,29.59990478164977
2094-02-01,6.51675932009005
2094-03-01,4.503641781245479
2094-04-01,0.8420828586812824
2094-05-01,0.3199914862988873
2094-06-01,0.1215967647935772
2094-07-01,0.04620677062155933
2094-08-01,0.017558572836192547
2094-09-01,0.006672257677753167
2094-10-01,0.0025354579175462036
2094-11-01,53.51420534131884
2094-12-01,32.637640760380044
2095-01-01,9.516248635547605
2095-02-01,3.6161744815080903
2095-03-01,19.096043762596025
2095-04-01,2.793292134997604
2095-05-01,1.3001483985214448
2095-06-01,0.40335138429365414
2095-07-01,0.1532735260315886
2095-08-01,0.05824393989200367
2095-09-01,0.022132697158961396
2095-10-01,0.008410424920405331
2095-11-01,2.6651215159384494
2095-12-01,0.00121446535850653
2096-01-01,1.0887870868281273
2096-02-01,3.0436339060559012
2096-03-01,6.664014315197031e-05
2096-04-01,2.5323254397748714e-05
2096-05-01,9.622836671144512e-06
2096-06-01,3.656677935034915e-06
2096-07-01,1.3895376153132677e-06
2096-08-01,5.280242938190418e-07
2096-09-01,2.0064923165123586e-07
2096-10-01,1.16486091070485
2096-11-01,2.284302917069119
2096-12-01,7.197179939875309
2097-01-01,4.1838093628833124e-09
2097-02-01,1.5898475578956587e-09
2097-03-01,6.61889587074279
2097-04-01,2.2957398736013314e-10
2097-05-01,8.723811519685059e-11
2097-06-01,3.315048377480323e-11
2097-07-01,1.2597183834425226e-11
2097-08-01,4.7869298570815865e-12
2097-09-01,1.8190333456910026e-12
2097-10-01,6.912326713625811e-13
2097-11-01,2.109186197540137
2097-12-01,0.820974649173099
2098-01-01,5.920135952281609
2098-02-01,16.65901203852603
2098-03-01,3.815343657470461
2098-04-01,4.223246027615124
2098-05-01,0.7489431486074428
2098-06-01,0.20935553717271912
2098-07-01,0.07955510412563327
2098-08-01,0.030230939567740645
2098-09-01,0.011487757035741446
2098-10-01,0.004365347673581751
2098-11-01,0.0016588321159610648
2098-12-01,0.0006303562040652046
2099-01-01,0.0002395353575447778
2099-02-01,9.102343586701556e-05
2099-03-01,3.458890562946591e-05
2099-04-01,0.3122083940029717
2099-05-01,4.994637972894878e-06
2099-06-01,1.897962429700054e-06
2099-07-01,7.212257232860205e-07
2099-08-01,2.7406577484868777e-07
2099-09-01,1.0414499444250137e-07
2099-10-01,0.31698197083317026
2099-11-01,1.5038537197497198e-08
2099-12-01,5.714644135048935e-09
2100-01-01,2.171564771318595e-09
2100-02-01,8.251946131010663e-10
2100-03-01,3.1357395297840514e-10
2100-04-01,1.1915810213179395e-10
2100-05-01,4.528007881008171e-11
2100-06-01,1.7206429947831052e-11
2100-07-01,6.538443380175799e-12
2100-08-01,2.4846084844668036e-12
2100-09-01,9.441512240973853e-13
2100-10-01,3.5877746515700643e-13
2100-11-01,1.3633543675966244e-13
2100-12-01,5.1807465968671725e-14
