Variable,pr
Experiment,rcp85
Zone,Q18
Code,CCCma-CanESM2_r1i1p1_SMHI-RCA4_v1
1951-01-01,87.15377455184979
1951-02-01,66.66075957473637
1951-03-01,15.408688520130568
1951-04-01,27.78100773269111
1951-05-01,15.58798702198146
1951-06-01,8.694403815750011
1951-07-01,1.3727388543808943
1951-08-01,21.99408619897182
1951-09-01,0.631897945203371
1951-10-01,18.097409120250045
1951-11-01,27.527515594565585
1951-12-01,42.2609857697488
1952-01-01,19.81900308522111
1952-02-01,87.1497224909572
1952-03-01,65.15890974102192
1952-04-01,55.25621313016852
1952-05-01,25.388857904545556
1952-06-01,0.31770834783213864
1952-07-01,1.9687499880844572
1952-08-01,2.025048341963794
1952-09-01,0.00625
1952-10-01,18.170147271436957
1952-11-01,33.46252147255595
1952-12-01,51.38567984485087
1953-01-01,26.658268437859334
1953-02-01,16.200422780821494
1953-03-01,54.87487033704791
1953-04-01,65.11405960182599
1953-05-01,31.156263229126193
1953-06-01,2.107886554745384
1953-07-01,0.00625
1953-08-01,0.9137679059622369
1953-09-01,0.8579197225963332
1953-10-01,12.733104428774963
1953-11-01,66.36920528439391
1953-12-01,65.30403669501142
1954-01-01,64.91127387874074
1954-02-01,85.0958308036933
1954-03-01,17.750143999976235
1954-04-01,33.79906606332159
1954-05-01,41.634215853731305
1954-06-01,0.52232069431047
1954-07-01,0.00625
1954-08-01,0.5205975560935826
1954-09-01,0.09027301078474742
1954-10-01,27.77857059591101
1954-11-01,70.90442023612731
1954-12-01,85.68227355286693
1955-01-01,66.41494349430236
1955-02-01,9.495281828033646
1955-03-01,15.619392262278987
1955-04-01,64.49332544603845
1955-05-01,17.42511244768901
1955-06-01,4.910234277558941
1955-07-01,6.997014237266945
1955-08-01,2.1135289837150903
1955-09-01,1.3744706232531596
1955-10-01,0.24749997619873998
1955-11-01,65.21540755666423
1955-12-01,215.62517178207005
1956-01-01,247.60625
1956-02-01,86.0351656713431
1956-03-01,102.08571587192701
1956-04-01,31.87264241154319
1956-05-01,2.1130354511556475
1956-06-01,13.270548706789285
1956-07-01,1.3791912798889523
1956-08-01,1.002295773786071
1956-09-01,0.172479440804894
1956-10-01,33.52601692960196
1956-11-01,21.555628129896615
1956-12-01,45.82532227644727
1957-01-01,64.97043860568212
1957-02-01,33.467285829000375
1957-03-01,94.7739757851664
1957-04-01,52.15239337886202
1957-05-01,15.734193406737385
1957-06-01,1.9738463669510509
1957-07-01,1.3727751796421597
1957-08-01,9.65
1957-09-01,8.69795269287009
1957-10-01,0.6375
1957-11-01,2.095691486049906
1957-12-01,41.641330192478996
1958-01-01,64.93164612182878
1958-02-01,18.188142783128644
1958-03-01,38.37122016159026
1958-04-01,33.541463860446136
1958-05-01,3.5453182071358906
1958-06-01,4.532083205686884
1958-07-01,2.800372384906211
1958-08-01,0.00625
1958-09-01,0.8395308353222903
1958-10-01,0.26464859476424807
1958-11-01,214.47365030544515
1958-12-01,87.61716461873986
1959-01-01,16.288435598804284
1959-02-01,1.0054320588403824
1959-03-01,24.126932963033372
1959-04-01,5.221818586424856
1959-05-01,9.65
1959-06-01,4.561853379556978
1959-07-01,9.65
1959-08-01,0.075
1959-09-01,0.075
1959-10-01,0.6433166540153156
1959-11-01,42.0610912100651
1959-12-01,64.24005854827479
1960-01-01,27.470890128599983
1960-02-01,15.696923611051306
1960-03-01,21.77703651603157
1960-04-01,47.306703462791816
1960-05-01,21.45304702663891
1960-06-01,25.958693579759167
1960-07-01,1.019312653481171
1960-08-01,0.09027301078474742
1960-09-01,15.736582625858034
1960-10-01,36.572792298353896
1960-11-01,14.465843788140564
1960-12-01,27.73995750036289
1961-01-01,1.9815509985224726
1961-02-01,59.638949661276705
1961-03-01,21.688023529170668
1961-04-01,37.54358822504848
1961-05-01,1.002455074659415
1961-06-01,0.3333333043357229
1961-07-01,0.6375
1961-08-01,0.6319699383131963
1961-09-01,0.1110141473291958
1961-10-01,3.0790128303105755
1961-11-01,31.3749603126215
1961-12-01,33.84245490983037
1962-01-01,71.18872053827009
1962-02-01,85.91267685724013
1962-03-01,36.50656459611045
1962-04-01,17.345062022173696
1962-05-01,27.146026849533346
1962-06-01,6.994261673874232
1962-07-01,0.8412603212153421
1962-08-01,2.9006928610545772
1962-09-01,0.1492570717179249
1962-10-01,0.30963519501854603
1962-11-01,42.63309784364341
1962-12-01,231.29668267806156
1963-01-01,36.617296929228964
1963-02-01,41.63859377064482
1963-03-01,55.03368851201963
1963-04-01,6.791899187233992
1963-05-01,2.4858411079677216
1963-06-01,41.53534342863394
1963-07-01,0.075
1963-08-01,2.1859562977950246
1963-09-01,0.2978849046000072
1963-10-01,0.4509773746301942
1963-11-01,27.716506145826365
1963-12-01,55.16105755918225
1964-01-01,84.41809551059423
1964-02-01,9.658853194050492
1964-03-01,26.29107279136157
1964-04-01,24.74037778268987
1964-05-01,15.866781503630039
1964-06-01,0.3568750250540331
1964-07-01,4.47695924274916
1964-08-01,0.075
1964-09-01,2.0562221766068607
1964-10-01,9.65
1964-11-01,27.619725078919476
1964-12-01,26.179557182575568
1965-01-01,36.309378408715425
1965-02-01,64.90396099465194
1965-03-01,87.57190223642915
1965-04-01,46.57642800170187
1965-05-01,26.92116450121288
1965-06-01,0.4098213934191532
1965-07-01,17.349740042151456
1965-08-01,6.9964903492301636
1965-09-01,8.696247119655203
1965-10-01,12.825598387960357
1965-11-01,95.43799148432345
1965-12-01,33.94346334501881
1966-01-01,87.79965875920904
1966-02-01,2.2608014507847902
1966-03-01,37.354842189503174
1966-04-01,21.483843541400784
1966-05-01,37.543897375251525
1966-06-01,2.431493359130261
1966-07-01,0.075
1966-08-01,6.996807098837785
1966-09-01,0.34375
1966-10-01,2.4824729363644127
1966-11-01,86.8556063741722
1966-12-01,59.22753557630028
1967-01-01,50.24300456307502
1967-02-01,77.41996502664959
1967-03-01,55.01758553398568
1967-04-01,36.03598739888838
1967-05-01,18.152158856481716
1967-06-01,1.137744622524057
1967-07-01,0.1595518886952116
1967-08-01,8.352403900293256
1967-09-01,8.697377649775428
1967-10-01,8.61765926198646
1967-11-01,7.008048354008619
1967-12-01,65.5377226925884
1968-01-01,55.14269830602901
1968-02-01,8.695133341156595
1968-03-01,14.710839548098717
1968-04-01,27.604576711380766
1968-05-01,41.63419336019913
1968-06-01,18.272139076216305
1968-07-01,2.220808131242212
1968-08-01,1.0242497888103919
1968-09-01,1.0527091046092525
1968-10-01,0.17153604335952405
1968-11-01,64.13458610148207
1968-12-01,27.728837508702487
1969-01-01,52.18099209334599
1969-02-01,55.295865449107275
1969-03-01,46.23876677415167
1969-04-01,27.590574276919455
1969-05-01,27.865190069351755
1969-06-01,15.743708563685583
1969-07-01,10.951268036418192
1969-08-01,5.285670599583846
1969-09-01,1.3727388543808943
1969-10-01,33.47554251477347
1969-11-01,66.673202852051
1969-12-01,55.17590358747631
1970-01-01,54.64372388312746
1970-02-01,36.5309632219632
1970-03-01,42.36773952893115
1970-04-01,8.693837386166537
1970-05-01,41.6322860770257
1970-06-01,2.676953576880164
1970-07-01,2.783544674209911
1970-08-01,16.174065034472676
1970-09-01,0.9148945997155272
1970-10-01,34.67764080072542
1970-11-01,21.49644019081668
1970-12-01,25.230190900619746
1971-01-01,89.8532126465769
1971-02-01,55.02166579928044
1971-03-01,2.0797587697628157
1971-04-01,44.867490640849404
1971-05-01,9.65
1971-06-01,8.500314281524927
1971-07-01,0.26751339974570215
1971-08-01,0.3385415651750296
1971-09-01,4.912020807055441
1971-10-01,24.647105691236963
1971-11-01,64.95517478807986
1971-12-01,27.761305850766295
1972-01-01,8.696064540741178
1972-02-01,21.443965619868635
1972-03-01,27.658490897486196
1972-04-01,21.53353135506807
1972-05-01,26.866842859137666
1972-06-01,2.379181027840951
1972-07-01,0.6333670844375403
1972-08-01,16.322794034061005
1972-09-01,1.01656838032198
1972-10-01,1.965967756541633
1972-11-01,66.45057125948415
1972-12-01,59.154687194038175
1973-01-01,0.5159462764337748
1973-02-01,0.9009801103688502
1973-03-01,17.43362137626875
1973-04-01,33.42341704228851
1973-05-01,25.366770431287357
1973-06-01,4.242878007528827
1973-07-01,9.65
1973-08-01,0.8329546373590827
1973-09-01,25.31279262973909
1973-10-01,65.17813715101195
1973-11-01,55.2609853667328
1973-12-01,33.41973993363028
1974-01-01,247.60625
1974-02-01,64.92838822678567
1974-03-01,41.6415130283476
1974-04-01,27.72435841616167
1974-05-01,28.085877016291388
1974-06-01,25.472006103747162
1974-07-01,0.26822960398167967
1974-08-01,2.25406492005122
1974-09-01,0.075
1974-10-01,27.767148527103522
1974-11-01,247.60625
1974-12-01,36.680363570646456
1975-01-01,37.52987706223719
1975-02-01,4.57439894152438
1975-03-01,16.15797252175614
1975-04-01,55.046027311897895
1975-05-01,24.59377118351824
1975-06-01,1.3792472122216985
1975-07-01,0.00625
1975-08-01,0.24375
1975-09-01,4.18646567180793
1975-10-01,2.9271427433644632
1975-11-01,41.63701229738773
1975-12-01,106.44683949069542
1976-01-01,15.720213409948853
1976-02-01,15.623131016050456
1976-03-01,33.56311020636251
1976-04-01,41.643161097803706
1976-05-01,8.446160322580646
1976-06-01,2.03424665674375
1976-07-01,0.00625
1976-08-01,0.305472050796897
1976-09-01,0.00625
1976-10-01,5.483175377782624
1976-11-01,55.460682453096055
1976-12-01,85.53843501099192
1977-01-01,24.63842727156285
1977-02-01,45.73702813593907
1977-03-01,26.05222570540191
1977-04-01,15.826968553511392
1977-05-01,2.8250349351387927
1977-06-01,10.319197870607258
1977-07-01,2.110341592240801
1977-08-01,0.075
1977-09-01,14.565506863320072
1977-10-01,0.2512499899784168
1977-11-01,2.113787824020588
1977-12-01,8.696858814480606
1978-01-01,228.50956120147674
1978-02-01,45.52590260696345
1978-03-01,33.67365616080536
1978-04-01,7.002410145117099
1978-05-01,21.51854062664861
1978-06-01,1.3785125404936116
1978-07-01,0.075
1978-08-01,3.9378132903388985
1978-09-01,0.31106760349050133
1978-10-01,21.450861961517074
1978-11-01,65.0304358338353
1978-12-01,36.02531293420773
1979-01-01,55.456377797468505
1979-02-01,21.52515393579578
1979-03-01,19.86077680778873
1979-04-01,27.756792354711273
1979-05-01,9.65
1979-06-01,0.08809115626610772
1979-07-01,2.3776016758425618
1979-08-01,9.531199150169831
1979-09-01,9.65
1979-10-01,8.693864690434035
1979-11-01,27.839045950736615
1979-12-01,65.18486970230582
1980-01-01,42.14729088280728
1980-02-01,65.13781323339414
1980-03-01,5.221818586424856
1980-04-01,64.91192617740809
1980-05-01,4.580101221029467
1980-06-01,1.7748557829440805
1980-07-01,0.17483792969115247
1980-08-01,0.07629512740804549
1980-09-01,9.383749608689511
1980-10-01,21.800589070953464
1980-11-01,12.681812885684746
1980-12-01,66.61342017594804
1981-01-01,99.68932906096113
1981-02-01,27.609773990041795
1981-03-01,33.759904891187894
1981-04-01,53.650440139133885
1981-05-01,4.4787431930577
1981-06-01,8.247616166573193
1981-07-01,2.588046297798395
1981-08-01,5.556463224129876
1981-09-01,16.19724529270995
1981-10-01,16.279164868534618
1981-11-01,27.60347824902774
1981-12-01,27.61427013120835
1982-01-01,65.56455502417744
1982-02-01,78.30266898023218
1982-03-01,88.20672665163967
1982-04-01,37.008065245004374
1982-05-01,25.861317906939746
1982-06-01,42.541632276020124
1982-07-01,2.484472161210628
1982-08-01,0.8573007164733236
1982-09-01,0.5242330186087812
1982-10-01,5.542737532118664
1982-11-01,15.457354461371045
1982-12-01,59.654327382924876
1983-01-01,93.79153738577642
1983-02-01,8.424038093841641
1983-03-01,71.40876427097487
1983-04-01,0.6364200913277149
1983-05-01,26.970917833728553
1983-06-01,0.075
1983-07-01,0.26321619825474935
1983-08-01,0.9773522023316524
1983-09-01,2.0667522214223775
1983-10-01,0.9632256857037188
1983-11-01,33.89934200423134
1983-12-01,27.60786576900994
1984-01-01,24.658874052101215
1984-02-01,101.1587665802769
1984-03-01,27.4480860155611
1984-04-01,26.334473635639696
1984-05-01,33.439373125587835
1984-06-01,0.9866143026781872
1984-07-01,0.15391902650153894
1984-08-01,0.2653647990002257
1984-09-01,12.63106261840837
1984-10-01,15.7023739266921
1984-11-01,62.8418374822197
1984-12-01,15.818886126475808
1985-01-01,85.7384842458516
1985-02-01,37.890960642130075
1985-03-01,64.07592835462012
1985-04-01,27.195054328418983
1985-05-01,25.94829028583225
1985-06-01,19.860428589137666
1985-07-01,1.002455074659415
1985-08-01,2.0901070266045183
1985-09-01,4.148903483813862
1985-10-01,0.6366788059692016
1985-11-01,24.764088184881423
1985-12-01,26.544165389297792
1986-01-01,65.72631026870974
1986-02-01,3.165040503082772
1986-03-01,64.2259739760261
1986-04-01,27.79808330955142
1986-05-01,36.261258477000204
1986-06-01,0.9932789305182562
1986-07-01,0.17483792969115247
1986-08-01,2.119952149241444
1986-09-01,8.69377263157842
1986-10-01,0.17106434306111692
1986-11-01,6.154069834330424
1986-12-01,14.825635052329673
1987-01-01,49.67249135319004
1987-02-01,73.86453725652711
1987-03-01,26.437442698624682
1987-04-01,5.443607809556729
1987-05-01,5.542785418126606
1987-06-01,0.00625
1987-07-01,8.69795970294625
1987-08-01,2.4079157828531965
1987-09-01,0.7670753669748162
1987-10-01,17.934411886735123
1987-11-01,14.12035478980047
1987-12-01,6.9767277851846865
1988-01-01,33.99791281852934
1988-02-01,103.13605274091442
1988-03-01,25.02670072625003
1988-04-01,37.483491884729396
1988-05-01,4.3600555577532
1988-06-01,0.8511131483975553
1988-07-01,7.575400075071892
1988-08-01,7.006388422299018
1988-09-01,4.44873071796155
1988-10-01,0.26464859476424807
1988-11-01,22.170878370789353
1988-12-01,0.00625
1989-01-01,42.84559111519254
1989-02-01,18.256862482800795
1989-03-01,17.42673921244334
1989-04-01,4.801276325286468
1989-05-01,3.1645905722307464
1989-06-01,6.535834833890168
1989-07-01,0.6375
1989-08-01,0.3625
1989-09-01,0.00625
1989-10-01,10.50455044229291
1989-11-01,65.12029904296223
1989-12-01,24.41399865959612
1990-01-01,65.07755721596386
1990-02-01,36.81557251978261
1990-03-01,26.32086895597636
1990-04-01,41.63277627832736
1990-05-01,2.5042611304556996
1990-06-01,4.489402192601299
1990-07-01,0.00625
1990-08-01,0.00625
1990-09-01,0.075
1990-10-01,16.2375
1990-11-01,60.45
1990-12-01,52.04375
1991-01-01,95.7125
1991-02-01,41.63125
1991-03-01,16.59375
1991-04-01,2.125
1991-05-01,21.45
1991-06-01,0.00625
1991-07-01,12.775
1991-08-01,2.06875
1991-09-01,14.075
1991-10-01,15.95
1991-11-01,9.925
1991-12-01,20.01875
1992-01-01,44.9125
1992-02-01,0.09375
1992-03-01,34.1625
1992-04-01,25.14375
1992-05-01,22.075
1992-06-01,7.65625
1992-07-01,5.60625
1992-08-01,14.75625
1992-09-01,0.18125
1992-10-01,0.525
1992-11-01,64.65625
1992-12-01,19.8125
1993-01-01,93.45625
1993-02-01,72.73125
1993-03-01,21.36875
1993-04-01,25.83125
1993-05-01,3.13125
1993-06-01,0.24375
1993-07-01,8.30625
1993-08-01,0.00625
1993-09-01,0.09375
1993-10-01,74.75625
1993-11-01,99.675
1993-12-01,33.54375
1994-01-01,23.91875
1994-02-01,214.1875
1994-03-01,5.5625
1994-04-01,13.49375
1994-05-01,1.41875
1994-06-01,3.2375
1994-07-01,0.3625
1994-08-01,0.15625
1994-09-01,2.825
1994-10-01,0.65
1994-11-01,4.75
1994-12-01,88.2625
1995-01-01,27.575
1995-02-01,18.2875
1995-03-01,0.6375
1995-04-01,50.375
1995-05-01,15.7125
1995-06-01,8.29375
1995-07-01,1.36875
1995-08-01,0.4125
1995-09-01,24.5125
1995-10-01,24.64375
1995-11-01,33.4125
1995-12-01,43.0125
1996-01-01,66.33125
1996-02-01,42.60625
1996-03-01,55.525
1996-04-01,72.04375
1996-05-01,55.0125
1996-06-01,0.73125
1996-07-01,0.00625
1996-08-01,0.15625
1996-09-01,9.6875
1996-10-01,41.64375
1996-11-01,42.09375
1996-12-01,58.7125
1997-01-01,247.60625
1997-02-01,113.01875
1997-03-01,12.8375
1997-04-01,5.3625
1997-05-01,0.34375
1997-06-01,9.1125
1997-07-01,1.35625
1997-08-01,0.2625
1997-09-01,0.8375
1997-10-01,7.0
1997-11-01,0.3125
1997-12-01,5.43125
1998-01-01,25.475
1998-02-01,40.51875
1998-03-01,17.8375
1998-04-01,66.64375
1998-05-01,6.99375
1998-06-01,22.26875
1998-07-01,4.16875
1998-08-01,9.65
1998-09-01,15.03125
1998-10-01,0.39375
1998-11-01,4.5875
1998-12-01,86.09375
1999-01-01,33.65
1999-02-01,65.81875
1999-03-01,45.48125
1999-04-01,6.48125
1999-05-01,52.18125
1999-06-01,4.45625
1999-07-01,11.15
1999-08-01,2.9625
1999-09-01,2.09375
1999-10-01,1.95625
1999-11-01,11.84375
1999-12-01,37.68125
2000-01-01,64.05625
2000-02-01,27.90625
2000-03-01,14.44375
2000-04-01,17.44375
2000-05-01,35.9875
2000-06-01,10.53125
2000-07-01,8.60625
2000-08-01,1.68125
2000-09-01,1.05625
2000-10-01,8.69375
2000-11-01,32.3125
2000-12-01,18.0875
2001-01-01,86.68125
2001-02-01,5.5375
2001-03-01,70.775
2001-04-01,0.075
2001-05-01,24.85625
2001-06-01,0.63125
2001-07-01,3.8375
2001-08-01,17.3625
2001-09-01,0.975
2001-10-01,2.6125
2001-11-01,2.24375
2001-12-01,66.69375
2002-01-01,16.16875
2002-02-01,83.89375
2002-03-01,16.325
2002-04-01,25.96875
2002-05-01,21.56875
2002-06-01,1.99375
2002-07-01,0.24375
2002-08-01,0.5125
2002-09-01,0.14597876927284137
2002-10-01,13.140736753697176
2002-11-01,8.698544097674338
2002-12-01,27.754290392318328
2003-01-01,42.52964085423848
2003-02-01,247.60625
2003-03-01,43.660376521347416
2003-04-01,0.6453216606014601
2003-05-01,5.190096049986462
2003-06-01,17.32230061781909
2003-07-01,1.9702481292598064
2003-08-01,0.075
2003-09-01,17.314961062010745
2003-10-01,20.44721132188358
2003-11-01,34.02304751226404
2003-12-01,61.61625778519212
2004-01-01,64.26527744421746
2004-02-01,42.612032630748466
2004-03-01,36.39222855528438
2004-04-01,10.701350596596516
2004-05-01,17.30658974611545
2004-06-01,2.123264777656329
2004-07-01,0.8680739416083687
2004-08-01,0.15391902650153894
2004-09-01,8.7
2004-10-01,0.6375
2004-11-01,15.74375
2004-12-01,1.38125
2005-01-01,38.89375
2005-02-01,104.74375
2005-03-01,54.34375
2005-04-01,45.6875
2005-05-01,4.475
2005-06-01,17.23125
2005-07-01,7.0125
2005-08-01,0.91875
2005-09-01,15.53125
2005-10-01,9.65
2005-11-01,21.5125
2005-12-01,12.2125
2006-01-01,19.840251360132598
2006-02-01,55.508879070739425
2006-03-01,27.824590962036364
2006-04-01,36.30868176683747
2006-05-01,9.241776325515882
2006-06-01,1.0280967660830698
2006-07-01,1.0231470585047193
2006-08-01,0.3114927300562822
2006-09-01,0.4025806574285066
2006-10-01,33.821223191607594
2006-11-01,103.9218831608174
2006-12-01,226.38034612053926
2007-01-01,1.3717025595163375
2007-02-01,5.41514901758873
2007-03-01,25.928773693092072
2007-04-01,167.987802459444
2007-05-01,25.435264757614522
2007-06-01,15.94057097797042
2007-07-01,0.9075803548467024
2007-08-01,0.8752769358253988
2007-09-01,2.481806465573356
2007-10-01,37.55194933281216
2007-11-01,21.487062480957746
2007-12-01,87.39997878101812
2008-01-01,51.24279787094268
2008-02-01,27.820480405656745
2008-03-01,54.407305004938756
2008-04-01,33.960298633313045
2008-05-01,8.3173762170088
2008-06-01,0.10307389399384416
2008-07-01,2.1181885199687307
2008-08-01,2.0154761604184617
2008-09-01,9.65
2008-10-01,0.14692610211280985
2008-11-01,25.876531078480763
2008-12-01,50.469727825284856
2009-01-01,36.06848400352519
2009-02-01,36.75680517402947
2009-03-01,14.45539010366308
2009-04-01,27.070800115323646
2009-05-01,5.363075347341201
2009-06-01,10.184189192999314
2009-07-01,2.700812935088404
2009-08-01,0.639765923957938
2009-09-01,0.30231616934149186
2009-10-01,26.810859494460157
2009-11-01,54.45110348137604
2009-12-01,59.049278843257156
2010-01-01,64.12480325165848
2010-02-01,188.1444165421054
2010-03-01,52.71624997570138
2010-04-01,1.993281908631619
2010-05-01,5.380145685185643
2010-06-01,21.4794134879866
2010-07-01,0.075
2010-08-01,0.6375
2010-09-01,6.996457292850408
2010-10-01,0.6381683262262507
2010-11-01,41.793970452431786
2010-12-01,13.314846118450605
2011-01-01,59.03846870339966
2011-02-01,65.20309549128393
2011-03-01,40.75629862276034
2011-04-01,38.68290033066469
2011-05-01,2.0491462255840407
2011-06-01,11.838565497732144
2011-07-01,0.2950201115810097
2011-08-01,0.075
2011-09-01,9.65
2011-10-01,15.740522252716941
2011-11-01,44.845266347445836
2011-12-01,235.27672214927787
2012-01-01,49.18277572494678
2012-02-01,55.46756735496663
2012-03-01,33.97528346754494
2012-04-01,64.93157631493257
2012-05-01,2.6337282783790004
2012-06-01,1.3770293214475235
2012-07-01,2.6057636567933824
2012-08-01,0.1803948949927742
2012-09-01,1.3785851820583697
2012-10-01,0.1694575476900969
2012-11-01,8.328800498533726
2012-12-01,41.63539369009006
2013-01-01,58.83525940385454
2013-02-01,27.721017702217388
2013-03-01,21.608312205775587
2013-04-01,21.499195724521734
2013-05-01,1.8988261997321878
2013-06-01,2.118010663191538
2013-07-01,0.075
2013-08-01,0.26464859476424807
2013-09-01,0.6459900035721462
2013-10-01,15.730891997631788
2013-11-01,27.633893711959853
2013-12-01,16.31049139001747
2014-01-01,36.071258275290326
2014-02-01,22.144344462869576
2014-03-01,1.0182958597367353
2014-04-01,9.65
2014-05-01,6.997353619820098
2014-06-01,0.438151618790957
2014-07-01,0.8650276716646997
2014-08-01,1.8236858813456123
2014-09-01,26.374693159899532
2014-10-01,0.00625
2014-11-01,0.25874995490287583
2014-12-01,46.29032021781385
2015-01-01,42.99414587774812
2015-02-01,55.120595251788146
2015-03-01,38.12549941812702
2015-04-01,26.659408611786912
2015-05-01,8.69876139543969
2015-06-01,0.2761078146900641
2015-07-01,0.15719339508178676
2015-08-01,0.075
2015-09-01,36.0060676314552
2015-10-01,0.6344897284218359
2015-11-01,66.53245205096259
2015-12-01,50.278802177698786
2016-01-01,52.07216834051567
2016-02-01,48.04598716281286
2016-03-01,25.954374637785463
2016-04-01,26.20923342906441
2016-05-01,17.276597181734253
2016-06-01,19.83562196159034
2016-07-01,0.6341590170630524
2016-08-01,0.00625
2016-09-01,0.9169254774384015
2016-10-01,1.3605666219290353
2016-11-01,0.10635220811896567
2016-12-01,14.478892814119735
2017-01-01,239.44324775508483
2017-02-01,42.82562565914152
2017-03-01,0.075
2017-04-01,26.95399986065964
2017-05-01,8.646944755117815
2017-06-01,10.7365730955655
2017-07-01,1.339951511065294
2017-08-01,1.9882725084600352
2017-09-01,0.075
2017-10-01,1.3764762834905742
2017-11-01,0.14692610211280985
2017-12-01,64.83302409030495
2018-01-01,27.831585390443
2018-02-01,49.64883699581344
2018-03-01,55.29671813237189
2018-04-01,66.45867501857182
2018-05-01,0.8979338404251811
2018-06-01,0.5194522078630033
2018-07-01,5.5388930010511555
2018-08-01,0.3041737115567019
2018-09-01,0.6338979936396907
2018-10-01,0.00625
2018-11-01,27.49308957510968
2018-12-01,90.36612797083868
2019-01-01,58.778971695235654
2019-02-01,0.5172211610738112
2019-03-01,36.47112263317571
2019-04-01,15.822660318080379
2019-05-01,26.054483528952957
2019-06-01,2.461597248426553
2019-07-01,0.17398282468392667
2019-08-01,0.075
2019-09-01,15.825055115508807
2019-10-01,33.49417898528864
2019-11-01,36.890576926028565
2019-12-01,0.00625
2020-01-01,7.0028222969530916
2020-02-01,1.9504325941203864
2020-03-01,6.201947192820981
2020-04-01,64.18927777600952
2020-05-01,17.402336493551452
2020-06-01,1.379641070557748
2020-07-01,0.075
2020-08-01,0.1586967805365416
2020-09-01,0.00625
2020-10-01,2.3758126687106893
2020-11-01,17.349824661834656
2020-12-01,24.894584973587374
2021-01-01,42.817571662341216
2021-02-01,6.997008125534428
2021-03-01,21.420120612684727
2021-04-01,38.719629526021386
2021-05-01,25.93999948390347
2021-06-01,8.63544147377266
2021-07-01,0.2653647990002257
2021-08-01,0.00625
2021-09-01,2.4184767382667887
2021-10-01,0.00625
2021-11-01,62.64492067902314
2021-12-01,17.383960440933834
2022-01-01,15.807810288366836
2022-02-01,17.277333692358514
2022-03-01,27.806300338807485
2022-04-01,2.127248668934262
2022-05-01,65.81550764958533
2022-06-01,8.699602867300467
2022-07-01,0.075
2022-08-01,13.167261688627761
2022-09-01,0.00625
2022-10-01,2.6758199797842903
2022-11-01,0.24375
2022-12-01,27.901360515390493
2023-01-01,1.9629715099375626
2023-02-01,36.15250470518105
2023-03-01,87.88707350926887
2023-04-01,16.2502502473528
2023-05-01,21.572558010515962
2023-06-01,0.6369240491089448
2023-07-01,0.1568099880093849
2023-08-01,0.9028045990099816
2023-09-01,0.6370387763282903
2023-10-01,0.1694575476900969
2023-11-01,0.075
2023-12-01,42.76302621693147
2024-01-01,26.108863861116273
2024-02-01,70.89992277191111
2024-03-01,27.383115136312576
2024-04-01,71.10957766102108
2024-05-01,15.551091088709562
2024-06-01,13.226928156003837
2024-07-01,0.4930558709423114
2024-08-01,1.3643003679974526
2024-09-01,0.3542379627897499
2024-10-01,0.00625
2024-11-01,15.806441865345695
2024-12-01,42.06720886328805
2025-01-01,2.564012468444617
2025-02-01,17.356620883786942
2025-03-01,17.28862091930438
2025-04-01,33.484388320526705
2025-05-01,0.8721356207330663
2025-06-01,7.932874228827816
2025-07-01,0.5705359315906897
2025-08-01,0.075
2025-09-01,0.28499328816469244
2025-10-01,9.65
2025-11-01,43.98872348564284
2025-12-01,247.03177062500396
2026-01-01,64.52596683863912
2026-02-01,21.882835774468933
2026-03-01,6.996239730987024
2026-04-01,26.41183732354337
2026-05-01,1.3803561486510132
2026-06-01,0.28356089165519366
2026-07-01,0.00625
2026-08-01,2.6676547351764768
2026-09-01,8.523918035190615
2026-10-01,1.798070041986867
2026-11-01,38.72857111118319
2026-12-01,216.39180654301245
2027-01-01,47.692901645147664
2027-02-01,33.77730757884842
2027-03-01,8.698452038818724
2027-04-01,24.715238867569116
2027-05-01,2.334481728263656
2027-06-01,13.021500366626858
2027-07-01,9.65
2027-08-01,0.6326471437193629
2027-09-01,0.00625
2027-10-01,12.34465526836304
2027-11-01,8.696254527983756
2027-12-01,22.07311575608357
2028-01-01,41.637195900444546
2028-02-01,2.117828612392858
2028-03-01,41.73019014513446
2028-04-01,42.26324161342885
2028-05-01,1.9946865299629526
2028-06-01,1.8831371167324091
2028-07-01,0.075
2028-08-01,0.00625
2028-09-01,0.15158804132303996
2028-10-01,27.687240699474817
2028-11-01,26.786915207493692
2028-12-01,26.58212740725029
2029-01-01,27.712204787761074
2029-02-01,0.32812495650358425
2029-03-01,2.107781315072189
2029-04-01,2.7730666587948614
2029-05-01,17.254602322668433
2029-06-01,2.16796807300265
2029-07-01,2.1016979949983052
2029-08-01,0.075
2029-09-01,0.25874995490287583
2029-10-01,0.5240438325273574
2029-11-01,8.696598993368076
2029-12-01,64.84687824039882
2030-01-01,16.2118248443728
2030-02-01,104.45300366678724
2030-03-01,77.37647836830381
2030-04-01,64.33686890790264
2030-05-01,21.514538271352194
2030-06-01,0.09469733283996855
2030-07-01,1.3956350160073698
2030-08-01,0.17181603736421647
2030-09-01,6.997571195637209
2030-10-01,19.855826510275982
2030-11-01,1.975558505314332
2030-12-01,25.197112292130743
2031-01-01,24.752598281037677
2031-02-01,27.48577679013347
2031-03-01,26.713315933564584
2031-04-01,58.99105444331893
2031-05-01,26.51405959481285
2031-06-01,0.9054381925515663
2031-07-01,0.3385415651750296
2031-08-01,9.65
2031-09-01,8.697910173693089
2031-10-01,12.999304670834032
2031-11-01,36.621379117137124
2031-12-01,39.14523252634007
2032-01-01,216.95081579992265
2032-02-01,92.10393086731555
2032-03-01,21.735998138042483
2032-04-01,33.493597939699384
2032-05-01,5.426978489220324
2032-06-01,0.075
2032-07-01,0.075
2032-08-01,14.726501945664062
2032-09-01,5.422222462634106
2032-10-01,18.282527867902555
2032-11-01,37.21364450910452
2032-12-01,17.224239445620697
2033-01-01,84.17934993106047
2033-02-01,25.922241113670022
2033-03-01,41.63866535356721
2033-04-01,5.3986698133147755
2033-05-01,26.499090132668606
2033-06-01,1.6356624584374284
2033-07-01,0.5133965071537018
2033-08-01,0.07629512740804549
2033-09-01,2.121865271599643
2033-10-01,27.36043094139964
2033-11-01,9.28590828738124
2033-12-01,9.65
2034-01-01,34.11663143522844
2034-02-01,14.901450043416197
2034-03-01,41.75564316636758
2034-04-01,37.04871884800948
2034-05-01,25.944996756641075
2034-06-01,0.08154557448877016
2034-07-01,0.00625
2034-08-01,0.00625
2034-09-01,0.63125
2034-10-01,4.494564058719451
2034-11-01,25.90152775462972
2034-12-01,41.63745346257613
2035-01-01,59.250306747917584
2035-02-01,8.65063559135944
2035-03-01,7.00142161232807
2035-04-01,17.173395998116423
2035-05-01,26.833498006277523
2035-06-01,0.9141805738842045
2035-07-01,0.00625
2035-08-01,2.482682966551803
2035-09-01,0.28642569663664763
2035-10-01,0.075
2035-11-01,27.591311655504576
2035-12-01,65.17518597451696
2036-01-01,65.02582857868485
2036-02-01,25.85163565194829
2036-03-01,13.996480733438752
2036-04-01,2.1915414468648993
2036-05-01,26.448626174221452
2036-06-01,0.6391708378915406
2036-07-01,0.075
2036-08-01,6.997323982103508
2036-09-01,0.2789726136902898
2036-10-01,5.290861554486714
2036-11-01,2.079246376801894
2036-12-01,90.3369404569346
2037-01-01,236.74594136407347
2037-02-01,55.26665637754897
2037-03-01,8.698726674503272
2037-04-01,64.1689998808828
2037-05-01,14.672156893436258
2037-06-01,0.00625
2037-07-01,0.34562498120947516
2037-08-01,0.8601406397358337
2037-09-01,18.16968787099794
2037-10-01,15.810547248691982
2037-11-01,21.47389283286922
2037-12-01,65.02348824851471
2038-01-01,66.52497472045607
2038-02-01,25.467223029377383
2038-03-01,0.8792435782815493
2038-04-01,17.234225722294433
2038-05-01,5.437705333033303
2038-06-01,3.1454809774581185
2038-07-01,1.3782807073642567
2038-08-01,0.26751339974570215
2038-09-01,0.075
2038-10-01,1.41189033583553
2038-11-01,36.135211967006285
2038-12-01,21.46754470534845
2039-01-01,65.03748604248989
2039-02-01,21.175535387485038
2039-03-01,0.5159462764337748
2039-04-01,36.549378737466256
2039-05-01,59.70848080536685
2039-06-01,2.163224742958437
2039-07-01,1.9189447260222106
2039-08-01,0.8904132064746134
2039-09-01,0.2857094924006701
2039-10-01,25.984336818422232
2039-11-01,11.086732803889765
2039-12-01,36.02135651422307
2040-01-01,0.8629968363424094
2040-02-01,17.37046430452557
2040-03-01,2.0202622956818628
2040-04-01,0.1662439506451684
2040-05-01,8.696124616384946
2040-06-01,0.6160713561364368
2040-07-01,0.8062200890690819
2040-08-01,0.00625
2040-09-01,0.3958842416397237
2040-10-01,1.0274720169739868
2040-11-01,5.202670812994709
2040-12-01,48.209260634531844
2041-01-01,14.099998474203222
2041-02-01,27.78971753869235
2041-03-01,66.56075473400439
2041-04-01,1.75436305440971
2041-05-01,19.975061754267642
2041-06-01,1.0186879109201346
2041-07-01,0.00625
2041-08-01,3.071350570411107
2041-09-01,4.913926027467588
2041-10-01,0.00625
2041-11-01,22.229160151616114
2041-12-01,2.899609328718758
2042-01-01,36.08577709300701
2042-02-01,3.066277141799158
2042-03-01,66.4091719220954
2042-04-01,26.03553678229842
2042-05-01,21.48559236584134
2042-06-01,0.34937497494596687
2042-07-01,0.08154557448877016
2042-08-01,0.25874995490287583
2042-09-01,0.1694575476900969
2042-10-01,0.2512499899784168
2042-11-01,15.105559031556037
2042-12-01,214.2097519678329
2043-01-01,60.323263181777115
2043-02-01,24.61508666768479
2043-03-01,33.64174487586317
2043-04-01,37.42962140793079
2043-05-01,24.807121870492413
2043-06-01,9.65
2043-07-01,4.53883895915522
2043-08-01,0.00625
2043-09-01,1.9769227038749344
2043-10-01,7.001318574369071
2043-11-01,27.162836959737653
2043-12-01,2.0942919799932205
2044-01-01,26.934698118283084
2044-02-01,55.37484284097509
2044-03-01,2.946006451234956
2044-04-01,12.777098562791808
2044-05-01,36.684655840169846
2044-06-01,0.7457536148052295
2044-07-01,0.8464324377094979
2044-08-01,0.6343749987975094
2044-09-01,0.00625
2044-10-01,5.0300347220474535
2044-11-01,21.527511323729733
2044-12-01,34.0049262407609
2045-01-01,247.60625
2045-02-01,2.096726933746567
2045-03-01,2.954676158010168
2045-04-01,2.0534337643076643
2045-05-01,17.021452501752577
2045-06-01,0.07629512740804549
2045-07-01,0.00625
2045-08-01,0.075
2045-09-01,0.00625
2045-10-01,0.00625
2045-11-01,8.43710788856305
2045-12-01,52.15354070192097
2046-01-01,47.36089547529422
2046-02-01,14.560501731680642
2046-03-01,12.44615415644943
2046-04-01,6.9709245583136425
2046-05-01,26.55165424453828
2046-06-01,0.6327911311415041
2046-07-01,0.9253628204822295
2046-08-01,0.281389334955602
2046-09-01,15.610669821639265
2046-10-01,2.829607456076838
2046-11-01,21.48668136959333
2046-12-01,1.9484053016198346
2047-01-01,6.99952050342071
2047-02-01,14.503822873242562
2047-03-01,25.890621545941112
2047-04-01,8.497351231671555
2047-05-01,0.6340870227507366
2047-06-01,0.075
2047-07-01,0.00625
2047-08-01,5.326335648723713
2047-09-01,0.8989492665664429
2047-10-01,1.9681949251703923
2047-11-01,62.14974409253468
2047-12-01,27.727660847263728
2048-01-01,52.10523716918657
2048-02-01,48.85626142005575
2048-03-01,37.46069100333501
2048-04-01,3.200512266767043
2048-05-01,5.5387703296542865
2048-06-01,24.165194225780485
2048-07-01,1.374275125835805
2048-08-01,0.15625
2048-09-01,5.248814449827809
2048-10-01,4.974085057565564
2048-11-01,90.92013360616497
2048-12-01,27.762747939911172
2049-01-01,87.51035170483257
2049-02-01,27.638051943238995
2049-03-01,26.285921387845733
2049-04-01,12.525015778635895
2049-05-01,0.2950201115810097
2049-06-01,0.15625
2049-07-01,0.15860848967411956
2049-08-01,0.00625
2049-09-01,0.6332950889227339
2049-10-01,0.9917107912651238
2049-11-01,5.401381077955859
2049-12-01,48.89621443703933
2050-01-01,218.81045346959547
2050-02-01,17.312112414414035
2050-03-01,41.89072549218658
2050-04-01,47.95850383252126
2050-05-01,8.697637869140351
2050-06-01,2.4375634190727746
2050-07-01,0.08154557448877016
2050-08-01,0.00625
2050-09-01,0.075
2050-10-01,0.08154557448877016
2050-11-01,55.338083823116634
2050-12-01,27.90604939790672
2051-01-01,38.438448250771486
2051-02-01,30.23865393928868
2051-03-01,6.994239929316
2051-04-01,9.433639865750584
2051-05-01,10.724343827642304
2051-06-01,21.49061765608255
2051-07-01,0.075
2051-08-01,0.075
2051-09-01,0.7950358293833033
2051-10-01,6.539372565087682
2051-11-01,0.9462614085111967
2051-12-01,36.91291021774088
2052-01-01,41.66881359456663
2052-02-01,1.86435210131406
2052-03-01,49.87121544024518
2052-04-01,25.86834142200219
2052-05-01,2.6845287497746835
2052-06-01,1.7441166616188386
2052-07-01,0.2625
2052-08-01,0.6375
2052-09-01,8.695250765145017
2052-10-01,2.451036293012962
2052-11-01,0.2789726136902898
2052-12-01,37.42049234295823
2053-01-01,37.44228743227164
2053-02-01,1.7167929665256385
2053-03-01,41.902960405669155
2053-04-01,33.752267695717514
2053-05-01,0.9507256857037187
2053-06-01,0.30690445328762395
2053-07-01,0.075
2053-08-01,9.125245393330992
2053-09-01,0.6333670844375403
2053-10-01,2.3894957603652185
2053-11-01,94.68195356634752
2053-12-01,33.68607378745283
2054-01-01,2.1821265188460246
2054-02-01,0.9650114383373697
2054-03-01,33.45023224964952
2054-04-01,18.158154541816952
2054-05-01,10.849998410783773
2054-06-01,0.4189128243633766
2054-07-01,0.7212902148216674
2054-08-01,0.15908018839680454
2054-09-01,0.6318259508910551
2054-10-01,0.24375
2054-11-01,17.255628824269543
2054-12-01,219.48570068447634
2055-01-01,50.001566925099816
2055-02-01,48.91700690920246
2055-03-01,0.9453685620205442
2055-04-01,7.001009460492076
2055-05-01,21.88875034399372
2055-06-01,2.289782053632454
2055-07-01,0.8645199670741854
2055-08-01,0.15719339508178676
2055-09-01,0.9632256857037188
2055-10-01,17.440610264632888
2055-11-01,5.070467938541699
2055-12-01,25.86770267442169
2056-01-01,36.120659423812896
2056-02-01,0.15625
2056-03-01,22.243561394807646
2056-04-01,27.426883983305217
2056-05-01,1.0230002905922262
2056-06-01,0.00625
2056-07-01,0.00625
2056-08-01,0.00625
2056-09-01,15.63111365652425
2056-10-01,1.8923697777019444
2056-11-01,43.39434169443345
2056-12-01,27.666333775764205
2057-01-01,41.9308175765951
2057-02-01,46.170885467972205
2057-03-01,9.336977398093829
2057-04-01,27.066419614045966
2057-05-01,43.024364762215434
2057-06-01,0.7838517565034846
2057-07-01,0.00625
2057-08-01,0.00625
2057-09-01,0.46760969389394585
2057-10-01,2.3807238120835
2057-11-01,94.89441656602048
2057-12-01,85.6516330406311
2058-01-01,27.64248887360957
2058-02-01,72.87826068200826
2058-03-01,103.14707509549986
2058-04-01,3.1241838945527314
2058-05-01,25.261055501643106
2058-06-01,0.2660809984512208
2058-07-01,5.5375
2058-08-01,13.847515914780775
2058-09-01,21.72688420732136
2058-10-01,2.1233942086184117
2058-11-01,7.002864169569468
2058-12-01,41.231760994821705
2059-01-01,54.80819547665186
2059-02-01,37.543338094429664
2059-03-01,17.261109360160102
2059-04-01,26.519566945781893
2059-05-01,27.785208024052913
2059-06-01,7.00109158795831
2059-07-01,0.00625
2059-08-01,0.00625
2059-09-01,0.00625
2059-10-01,0.34375
2059-11-01,5.555596275694931
2059-12-01,47.47036344361822
2060-01-01,25.439816239716812
2060-02-01,32.65160407346365
2060-03-01,3.185499384160171
2060-04-01,27.825603058297325
2060-05-01,6.999320351157638
2060-06-01,5.4209652311427785
2060-07-01,0.9924948674397363
2060-08-01,0.6357833124516838
2060-09-01,0.5148307557009222
2060-10-01,3.1536742752268005
2060-11-01,71.61153241800379
2060-12-01,66.58390266351446
2061-01-01,12.975280731704261
2061-02-01,33.500546884704804
2061-03-01,24.734629634195056
2061-04-01,14.814364388522336
2061-05-01,6.931463693756236
2061-06-01,0.6345189874221411
2061-07-01,0.15719339508178676
2061-08-01,1.0206481013566664
2061-09-01,2.2697832417269463
2061-10-01,1.375671815783524
2061-11-01,0.30891899078256835
2061-12-01,36.91769572236093
2062-01-01,60.08313177823134
2062-02-01,41.85908133358658
2062-03-01,54.930862321594425
2062-04-01,27.757480016645285
2062-05-01,0.41061641006215766
2062-06-01,0.3474999937364917
2062-07-01,0.9400114085111967
2062-08-01,0.15633829007456096
2062-09-01,0.28785810032362036
2062-10-01,0.2512499899784168
2062-11-01,14.606080200193379
2062-12-01,4.820138315654795
2063-01-01,33.422946709020245
2063-02-01,18.141536702961943
2063-03-01,84.86173918014295
2063-04-01,42.06566491033887
2063-05-01,4.433386939270776
2063-06-01,25.75914772592423
2063-07-01,1.374384100126639
2063-08-01,0.15916847847136548
2063-09-01,2.1043877031289995
2063-10-01,8.300158516083705
2063-11-01,18.251706515030552
2063-12-01,41.634371347864445
2064-01-01,16.182943527909018
2064-02-01,36.67344809138899
2064-03-01,25.958623580024316
2064-04-01,2.096726933746567
2064-05-01,2.1670543341271498
2064-06-01,0.6453216606014601
2064-07-01,0.17530962211094892
2064-08-01,0.6338259981248843
2064-09-01,1.3730433365398178
2064-10-01,0.8488759833543396
2064-11-01,59.58431664601818
2064-12-01,37.310081104482386
2065-01-01,21.785559582640467
2065-02-01,87.22375723922178
2065-03-01,17.395227837798476
2065-04-01,5.58977327550069
2065-05-01,0.15672169714696285
2065-06-01,1.8301972685199117
2065-07-01,0.5491883254393393
2065-08-01,18.09877222212785
2065-09-01,0.32812495650358425
2065-10-01,0.075
2065-11-01,1.5216897020910904
2065-12-01,64.75930239455994
2066-01-01,22.25737678824729
2066-02-01,17.27285510771493
2066-03-01,1.453307533114084
2066-04-01,1.052329645319122
2066-05-01,3.151401080280738
2066-06-01,0.13199290881534512
2066-07-01,8.457354457478004
2066-08-01,0.14692610211280985
2066-09-01,0.00625
2066-10-01,15.847228276905303
2066-11-01,0.8382140512716731
2066-12-01,0.5048867660384876
2067-01-01,1.4114041906473178
2067-02-01,27.757690317058596
2067-03-01,5.210744261563192
2067-04-01,1.9859183320623421
2067-05-01,2.1057103980602
2067-06-01,2.322305603203647
2067-07-01,2.1326593701177123
2067-08-01,2.0174739389960843
2067-09-01,17.41493422332198
2067-10-01,2.114176116906836
2067-11-01,25.257501984958424
2067-12-01,27.883935288571156
2068-01-01,17.426060114714268
2068-02-01,27.346577542660256
2068-03-01,25.23404687534461
2068-04-01,25.565413202218306
2068-05-01,0.1581367925271567
2068-06-01,5.380055015561027
2068-07-01,16.46987091899522
2068-08-01,0.00625
2068-09-01,16.168878709852414
2068-10-01,3.0031932582764767
2068-11-01,1.9734183189552452
2068-12-01,86.88393379145724
2069-01-01,76.92201381392522
2069-02-01,1.7358976754232658
2069-03-01,87.67824833273492
2069-04-01,1.8626442455796068
2069-05-01,36.418204901093716
2069-06-01,2.843052597212824
2069-07-01,0.00625
2069-08-01,15.727055967715877
2069-09-01,0.00625
2069-10-01,0.00625
2069-11-01,1.3808030817903172
2069-12-01,21.44109485324302
2070-01-01,5.162754903919812
2070-02-01,9.65
2070-03-01,2.104856979543552
2070-04-01,75.04472054209951
2070-05-01,2.110216333681538
2070-06-01,25.083781566786218
2070-07-01,0.075
2070-08-01,2.452158829353778
2070-09-01,0.636359263342739
2070-10-01,0.6357001506095377
2070-11-01,0.7782597200635757
2070-12-01,92.8684790629754
2071-01-01,64.46496532821371
2071-02-01,27.317564335545
2071-03-01,85.63021480284712
2071-04-01,22.248922066744406
2071-05-01,0.15766509538019385
2071-06-01,1.4033663019783469
2071-07-01,0.00625
2071-08-01,0.00625
2071-09-01,0.8731510553544449
2071-10-01,0.9050417894935476
2071-11-01,11.136378614241403
2071-12-01,0.00625
2072-01-01,86.82027122563099
2072-02-01,83.44347136014039
2072-03-01,230.6190656107473
2072-04-01,4.7705893285510514
2072-05-01,9.65
2072-06-01,24.568939112164266
2072-07-01,0.00625
2072-08-01,0.00625
2072-09-01,0.17059264512629302
2072-10-01,0.8670585154671067
2072-11-01,1.902616170492817
2072-12-01,216.26509444448482
2073-01-01,12.460941894007082
2073-02-01,24.64514512650072
2073-03-01,4.755882753382613
2073-04-01,2.553205290141703
2073-05-01,0.8429897647078101
2073-06-01,4.566444666045627
2073-07-01,0.28112122041699444
2073-08-01,6.997515492358195
2073-09-01,3.149885616983362
2073-10-01,0.075
2073-11-01,9.543944038962557
2073-12-01,55.4024128927674
2074-01-01,65.23227016808752
2074-02-01,0.8660431062860784
2074-03-01,21.7923258659859
2074-04-01,0.6375
2074-05-01,0.6481933591569735
2074-06-01,0.25874995490287583
2074-07-01,0.00625
2074-08-01,0.075
2074-09-01,0.28642569663664763
2074-10-01,4.5244217615835245
2074-11-01,0.14692610211280985
2074-12-01,21.77846130875706
2075-01-01,42.08801548603015
2075-02-01,18.158613791261576
2075-03-01,27.642819229016112
2075-04-01,4.581417360125542
2075-05-01,2.1127765676128147
2075-06-01,0.26894580821765735
2075-07-01,2.2989742498159056
2075-08-01,8.423182082111436
2075-09-01,0.1600235850543134
2075-10-01,0.2660809984512208
2075-11-01,21.5045125076968
2075-12-01,27.63307629671258
2076-01-01,36.328991178641125
2076-02-01,42.81357108898402
2076-03-01,8.6939497371284
2076-04-01,1.7441166616188386
2076-05-01,2.0914844211486803
2076-06-01,0.00625
2076-07-01,0.3125
2076-08-01,0.00625
2076-09-01,0.075
2076-10-01,13.660342960437456
2076-11-01,22.14458261715102
2076-12-01,64.72272746709844
2077-01-01,65.3317042625154
2077-02-01,36.23463923929137
2077-03-01,33.657574964572134
2077-04-01,17.40578120477897
2077-05-01,12.47526615128611
2077-06-01,1.0380569994949338
2077-07-01,0.075
2077-08-01,0.00625
2077-09-01,0.2710944089631338
2077-10-01,0.1609669793482391
2077-11-01,36.212422581519306
2077-12-01,35.80820167374026
2078-01-01,33.94906559011677
2078-02-01,15.66401858175513
2078-03-01,33.48966726411244
2078-04-01,18.200262574529887
2078-05-01,4.270092889104362
2078-06-01,0.31178380174525067
2078-07-01,0.00625
2078-08-01,0.075
2078-09-01,5.589211851054142
2078-10-01,87.47480543697972
2078-11-01,5.552537009460407
2078-12-01,21.443447300903117
2079-01-01,85.45564656760008
2079-02-01,2.7263489309174873
2079-03-01,58.60084040209956
2079-04-01,9.060222019044993
2079-05-01,1.0347613677309533
2079-06-01,0.00625
2079-07-01,0.00625
2079-08-01,0.00625
2079-09-01,16.173372392426785
2079-10-01,5.554722137059098
2079-11-01,15.718782693436783
2079-12-01,26.33015214169383
2080-01-01,41.960101204432625
2080-02-01,36.59466678306035
2080-03-01,2.2360906298822876
2080-04-01,85.26367442690652
2080-05-01,0.1685141494568659
2080-06-01,0.075
2080-07-01,2.4921572032726056
2080-08-01,1.012807352706632
2080-09-01,0.08154557448877016
2080-10-01,1.025903858076715
2080-11-01,25.87643368301635
2080-12-01,26.0328776454423
2081-01-01,39.17445364826228
2081-02-01,26.195937744783777
2081-03-01,27.797373086262386
2081-04-01,1.3718086867284147
2081-05-01,6.995069250487637
2081-06-01,1.7219162199684477
2081-07-01,0.00625
2081-08-01,0.00625
2081-09-01,0.15625
2081-10-01,0.00625
2081-11-01,12.800700516064982
2081-12-01,33.50845807971465
2082-01-01,65.1224881008686
2082-02-01,94.98600985844486
2082-03-01,27.690369479604517
2082-04-01,9.65
2082-05-01,2.0945508419173855
2082-06-01,0.075
2082-07-01,0.00625
2082-08-01,0.00625
2082-09-01,24.658010977407542
2082-10-01,0.2885742973821241
2082-11-01,36.62892448993326
2082-12-01,25.847386918041977
2083-01-01,24.84225540367075
2083-02-01,0.00625
2083-03-01,27.592264847232293
2083-04-01,16.6402882538716
2083-05-01,12.460321999424835
2083-06-01,16.212517539320395
2083-07-01,0.305472050796897
2083-08-01,0.6330791071882769
2083-09-01,0.075
2083-10-01,4.762920045671939
2083-11-01,18.107537069123342
2083-12-01,27.732183735376054
2084-01-01,60.28928079199867
2084-02-01,15.868706027070495
2084-03-01,16.05258354180499
2084-04-01,12.510228452694824
2084-05-01,2.9221645765920425
2084-06-01,0.9815912307877297
2084-07-01,0.075
2084-08-01,0.00625
2084-09-01,0.00625
2084-10-01,0.8761972998577638
2084-11-01,5.376752941169544
2084-12-01,27.844153392327886
2085-01-01,26.53350409686317
2085-02-01,65.319401840562
2085-03-01,37.74020684590579
2085-04-01,1.3612930762811242
2085-05-01,8.394969765395896
2085-06-01,5.164255958642584
2085-07-01,0.17106434306111692
2085-08-01,0.14692610211280985
2085-09-01,0.28284469340044427
2085-10-01,17.33413743718698
2085-11-01,0.00625
2085-12-01,52.12165749397415
2086-01-01,15.714905214892545
2086-02-01,25.95884566251643
2086-03-01,1.8182431055656454
2086-04-01,0.6375
2086-05-01,5.596399222312969
2086-06-01,0.6362041083907675
2086-07-01,0.15158804132303996
2086-08-01,0.00625
2086-09-01,0.00625
2086-10-01,0.00625
2086-11-01,0.26464859476424807
2086-12-01,12.58416096623427
2087-01-01,4.527229097763634
2087-02-01,0.9453685620205442
2087-03-01,2.409494947324633
2087-04-01,2.521348398888519
2087-05-01,7.011921975465022
2087-06-01,0.1492570717179249
2087-07-01,0.00625
2087-08-01,0.075
2087-09-01,9.282838424319966
2087-10-01,0.5153088367755
2087-11-01,27.473620962536707
2087-12-01,9.519165155789683
2088-01-01,2.8664540718936524
2088-02-01,0.15158804132303996
2088-03-01,64.8783777027441
2088-04-01,7.000421815409398
2088-05-01,9.65
2088-06-01,0.9952391275028345
2088-07-01,0.00625
2088-08-01,0.00625
2088-09-01,24.829304665993643
2088-10-01,2.0834017431582974
2088-11-01,37.24054760290884
2088-12-01,22.13462781708893
2089-01-01,36.227355941553704
2089-02-01,42.32848291509672
2089-03-01,41.643604479313616
2089-04-01,8.473977976539588
2089-05-01,21.543657825528932
2089-06-01,2.0065484938996527
2089-07-01,0.00625
2089-08-01,2.0330394340289164
2089-09-01,0.16530055635124272
2089-10-01,0.075
2089-11-01,1.70072911080778
2089-12-01,0.855888878793926
2090-01-01,65.05245379249314
2090-02-01,16.18211175437449
2090-03-01,42.341722405921274
2090-04-01,4.811255302555194
2090-05-01,0.00625
2090-06-01,15.7331013228097
2090-07-01,0.00625
2090-08-01,0.075
2090-09-01,0.00625
2090-10-01,0.00625
2090-11-01,21.52499625987197
2090-12-01,27.869117378526564
2091-01-01,0.14692610211280985
2091-02-01,27.667945738641002
2091-03-01,27.532145449406702
2091-04-01,8.697133452250247
2091-05-01,5.068622217731424
2091-06-01,0.16757075201149596
2091-07-01,0.075
2091-08-01,1.786810002945719
2091-09-01,8.408039560117302
2091-10-01,17.239905532215914
2091-11-01,0.00625
2091-12-01,0.3125
2092-01-01,34.13442581148377
2092-02-01,42.69187070210494
2092-03-01,33.5221819044915
2092-04-01,5.207052819942643
2092-05-01,14.555293811123969
2092-06-01,0.1568099880093849
2092-07-01,0.00625
2092-08-01,0.075
2092-09-01,14.569157460096054
2092-10-01,0.075
2092-11-01,15.739681360283397
2092-12-01,37.22341225029198
2093-01-01,33.68472484121746
2093-02-01,97.01432061714802
2093-03-01,42.245291712684285
2093-04-01,0.14692610211280985
2093-05-01,0.17370282673992893
2093-06-01,1.0031532142727908
2093-07-01,0.8938721613004836
2093-08-01,1.9764145655593155
2093-09-01,2.0189304655421485
2093-10-01,0.00625
2093-11-01,0.8655353762552137
2093-12-01,21.487540667858383
2094-01-01,20.006064943080748
2094-02-01,14.724221239043258
2094-03-01,15.929217318217521
2094-04-01,1.3757248756571572
2094-05-01,0.8660431062860784
2094-06-01,0.075
2094-07-01,0.00625
2094-08-01,0.6560494879997947
2094-09-01,17.35569142221902
2094-10-01,0.3125
2094-11-01,0.9913187597258638
2094-12-01,9.65
2095-01-01,36.93830831214776
2095-02-01,1.374384100126639
2095-03-01,6.99745369130039
2095-04-01,14.545563212287403
2095-05-01,0.887065587101706
2095-06-01,2.100197421671244
2095-07-01,0.00625
2095-08-01,0.00625
2095-09-01,8.694371845048709
2095-10-01,0.24375
2095-11-01,0.24375
2095-12-01,0.00625
2096-01-01,24.837922981813378
2096-02-01,0.8923490220885907
2096-03-01,12.270644959288374
2096-04-01,0.00625
2096-05-01,5.4005929808168975
2096-06-01,0.26321619825474935
2096-07-01,0.00625
2096-08-01,2.6525969971912478
2096-09-01,0.00625
2096-10-01,0.14692610211280985
2096-11-01,2.193369112396187
2096-12-01,71.78504599971208
2097-01-01,37.1679496499478
2097-02-01,13.254501763095657
2097-03-01,0.969475670790632
2097-04-01,41.64193027218133
2097-05-01,1.388622146264491
2097-06-01,0.9137679059622369
2097-07-01,0.00625
2097-08-01,0.00625
2097-09-01,0.075
2097-10-01,2.3440941723488393
2097-11-01,1.1214450446640847
2097-12-01,15.833810897182824
2098-01-01,3.1747491375860033
2098-02-01,15.72114184198394
2098-03-01,17.355232708046163
2098-04-01,0.28642569663664763
2098-05-01,4.932323735968489
2098-06-01,36.13650020995457
2098-07-01,0.07936371997013048
2098-08-01,0.00625
2098-09-01,0.00625
2098-10-01,0.15391902650153894
2098-11-01,0.3964285618415872
2098-12-01,33.48885998030204
2099-01-01,0.15625
2099-02-01,66.6145816017198
2099-03-01,86.95707191348176
2099-04-01,42.69234872816292
2099-05-01,18.132983776596244
2099-06-01,0.17106434306111692
2099-07-01,0.14692610211280985
2099-08-01,1.9860453612792526
2099-09-01,6.777272521829568
2099-10-01,0.26894580821765735
2099-11-01,0.14692610211280985
2099-12-01,37.59568424994311
2100-01-01,17.340396487067228
2100-02-01,24.987864729610926
2100-03-01,72.02400909237831
2100-04-01,27.861601486764982
2100-05-01,8.693982114422457
2100-06-01,1.3744706232531596
2100-07-01,0.00625
2100-08-01,0.6335087642802969
2100-09-01,0.075
2100-10-01,18.161290695348054
2100-11-01,47.474477618339805
2100-12-01,17.44200339224611
